goodput_vs_num_devices	42	24	13958643712	64	power_law	gamma	{'cv': 4}	5	200	mp-round-robin	ModelPlacement(group_configs=[ParallelConfig(dp=1, op=1, pp=4), ParallelConfig(dp=1, op=1, pp=4), ParallelConfig(dp=1, op=1, pp=4), ParallelConfig(dp=1, op=1, pp=4), ParallelConfig(dp=1, op=1, pp=4), ParallelConfig(dp=1, op=1, pp=4)], group_models=[[0, 6, 12, 19, 25], [1, 7, 13, 20, 26], [2, 8, 14, 21, 27], [3, 9, 15, 22, 28], [4, 10, 16, 23, 29], [5, 11, 17, 24, 30]])	0.676	simulate
goodput_vs_num_devices	42	16	13958643712	64	power_law	gamma	{'cv': 4}	5	200	mp-greedy-4	ModelPlacement(group_configs=(ParallelConfig(dp=1, op=1, pp=4), ParallelConfig(dp=1, op=1, pp=4), ParallelConfig(dp=1, op=1, pp=4), ParallelConfig(dp=1, op=1, pp=4)), group_models=((0, 8, 11, 13, 14, 17, 22, 23, 27), (1, 2, 5, 9, 10, 18, 20, 28), (1, 4, 5, 6, 12, 19, 25), (2, 3, 7, 15, 16, 29, 38, 40)))	0.611	simulate
goodput_vs_num_devices	42	32	13958643712	64	power_law	gamma	{'cv': 4}	5	200	mp-round-robin	ModelPlacement(group_configs=[ParallelConfig(dp=1, op=1, pp=4), ParallelConfig(dp=1, op=1, pp=4), ParallelConfig(dp=1, op=1, pp=4), ParallelConfig(dp=1, op=1, pp=4), ParallelConfig(dp=1, op=1, pp=4), ParallelConfig(dp=1, op=1, pp=4), ParallelConfig(dp=1, op=1, pp=4), ParallelConfig(dp=1, op=1, pp=4)], group_models=[[0, 8, 16, 24, 32, 40, 7, 20], [1, 9, 17, 25, 33, 41, 8, 22], [2, 10, 18, 26, 34, 0, 11, 23], [3, 11, 19, 27, 35, 1, 13, 26], [4, 12, 20, 28, 36, 2, 14, 29], [5, 13, 21, 29, 37, 3, 16, 32], [6, 14, 22, 30, 38, 4, 17, 34], [7, 15, 23, 31, 39, 5, 19, 35]])	0.929	simulate
goodput_vs_num_devices	42	40	13958643712	64	power_law	gamma	{'cv': 4}	5	200	mp-round-robin	ModelPlacement(group_configs=[ParallelConfig(dp=1, op=1, pp=4), ParallelConfig(dp=1, op=1, pp=4), ParallelConfig(dp=1, op=1, pp=4), ParallelConfig(dp=1, op=1, pp=4), ParallelConfig(dp=1, op=1, pp=4), ParallelConfig(dp=1, op=1, pp=4), ParallelConfig(dp=1, op=1, pp=4), ParallelConfig(dp=1, op=1, pp=4), ParallelConfig(dp=1, op=1, pp=4), ParallelConfig(dp=1, op=1, pp=4)], group_models=[[0, 10, 20, 30, 40, 8, 19, 35], [1, 11, 21, 31, 41, 9, 20, 37], [2, 12, 22, 32, 0, 10, 23, 38], [3, 13, 23, 33, 1, 11, 25, 41], [4, 14, 24, 34, 2, 12, 26, 1], [5, 15, 25, 35, 3, 13, 28, 2], [6, 16, 26, 36, 4, 14, 29, 5], [7, 17, 27, 37, 5, 15, 31, 8], [8, 18, 28, 38, 6, 16, 32, 10], [9, 19, 29, 39, 7, 17, 34, 11]])	0.976	simulate
goodput_vs_num_devices	42	24	13958643712	64	power_law	gamma	{'cv': 4}	5	200	mp-greedy-4	ModelPlacement(group_configs=(ParallelConfig(dp=1, op=1, pp=4), ParallelConfig(dp=1, op=1, pp=4), ParallelConfig(dp=1, op=1, pp=4), ParallelConfig(dp=1, op=1, pp=4), ParallelConfig(dp=1, op=1, pp=4), ParallelConfig(dp=1, op=1, pp=4)), group_models=((0, 1, 2, 8, 12, 16, 23, 29, 38), (0, 1, 5, 22, 25, 36, 40), (2, 4, 9, 10, 13, 19, 26, 31, 35, 41), (2, 8, 14, 18, 20, 23, 28, 29, 32, 33), (3, 6, 15, 20, 35, 38, 41), (5, 7, 11, 17, 21, 27, 34, 37)))	0.83	simulate
goodput_vs_num_devices	42	16	13958643712	64	power_law	gamma	{'cv': 4}	5	200	mp-round-robin	ModelPlacement(group_configs=[ParallelConfig(dp=1, op=1, pp=4), ParallelConfig(dp=1, op=1, pp=4), ParallelConfig(dp=1, op=1, pp=4), ParallelConfig(dp=1, op=1, pp=4)], group_models=[[0, 4, 8, 12, 16, 20, 25, 32], [1, 5, 9, 13, 17, 21, 26, 34], [2, 6, 10, 14, 18, 22, 28, 35], [3, 7, 11, 15, 19, 23, 29, 37]])	0.596	simulate
goodput_vs_num_devices	42	32	13958643712	64	power_law	gamma	{'cv': 4}	5	200	mp-greedy-4	ModelPlacement(group_configs=(ParallelConfig(dp=1, op=1, pp=4), ParallelConfig(dp=1, op=1, pp=4), ParallelConfig(dp=1, op=1, pp=4), ParallelConfig(dp=1, op=1, pp=4), ParallelConfig(dp=1, op=1, pp=4), ParallelConfig(dp=1, op=1, pp=4), ParallelConfig(dp=1, op=1, pp=4), ParallelConfig(dp=1, op=1, pp=4)), group_models=((0, 1, 2, 5, 10, 17, 23, 25, 32, 40, 41), (0, 2, 11, 14, 15, 23, 24), (1, 2, 3, 5, 8, 14, 20, 26, 29, 35, 37, 38, 41), (2, 7, 10, 11, 16, 19, 23, 28, 32, 34, 40), (3, 12, 17, 21, 25, 26), (4, 6, 8, 13, 14, 31, 38, 39), (4, 9, 18, 28, 36), (5, 11, 22, 27, 30, 33)))	0.945	simulate
goodput_vs_num_devices	42	48	13958643712	64	power_law	gamma	{'cv': 4}	5	200	mp-round-robin	ModelPlacement(group_configs=[ParallelConfig(dp=1, op=1, pp=4), ParallelConfig(dp=1, op=1, pp=4), ParallelConfig(dp=1, op=1, pp=4), ParallelConfig(dp=1, op=1, pp=4), ParallelConfig(dp=1, op=1, pp=4), ParallelConfig(dp=1, op=1, pp=4), ParallelConfig(dp=1, op=1, pp=4), ParallelConfig(dp=1, op=1, pp=4), ParallelConfig(dp=1, op=1, pp=4), ParallelConfig(dp=1, op=1, pp=4), ParallelConfig(dp=1, op=1, pp=4), ParallelConfig(dp=1, op=1, pp=4)], group_models=[[0, 12, 24, 37, 7], [1, 13, 25, 38, 8], [2, 14, 26, 39, 9], [3, 15, 27, 40, 10], [4, 16, 28, 41, 11], [5, 17, 29, 0, 12], [6, 18, 30, 1, 13], [7, 19, 31, 2, 14], [8, 20, 32, 3, 15], [9, 21, 33, 4, 16], [10, 22, 34, 5, 17], [11, 23, 35, 6, 18]])	0.956	simulate
goodput_vs_num_devices	42	40	13958643712	64	power_law	gamma	{'cv': 4}	5	200	mp-greedy-4	ModelPlacement(group_configs=(ParallelConfig(dp=1, op=1, pp=4), ParallelConfig(dp=1, op=1, pp=4), ParallelConfig(dp=1, op=1, pp=4), ParallelConfig(dp=1, op=1, pp=4), ParallelConfig(dp=1, op=1, pp=4), ParallelConfig(dp=1, op=1, pp=4), ParallelConfig(dp=1, op=1, pp=4), ParallelConfig(dp=1, op=1, pp=4), ParallelConfig(dp=1, op=1, pp=4), ParallelConfig(dp=1, op=1, pp=4)), group_models=((0, 1, 4, 9, 16, 23, 29, 41), (0, 21, 26, 33, 34, 35), (1, 2, 7, 8, 16, 17, 18, 32, 34, 37), (2, 3, 8, 12, 27, 31), (3, 5, 12, 14, 22, 25, 26, 29, 38), (4, 14, 18, 19, 23, 27, 35, 40), (5, 6, 8, 15, 20, 23, 31, 40, 41), (5, 10, 11, 13, 15, 28, 30, 41), (7, 9, 14, 20, 24, 25, 29, 32, 38), (7, 10, 11, 13, 19, 36, 39)))	0.988	simulate
goodput_vs_num_devices	42	48	13958643712	64	power_law	gamma	{'cv': 4}	5	200	mp-greedy-4	ModelPlacement(group_configs=(ParallelConfig(dp=1, op=1, pp=4), ParallelConfig(dp=1, op=1, pp=4), ParallelConfig(dp=1, op=1, pp=4), ParallelConfig(dp=1, op=1, pp=4), ParallelConfig(dp=1, op=1, pp=4), ParallelConfig(dp=1, op=1, pp=4), ParallelConfig(dp=1, op=1, pp=4), ParallelConfig(dp=1, op=1, pp=4), ParallelConfig(dp=1, op=1, pp=4), ParallelConfig(dp=1, op=1, pp=4), ParallelConfig(dp=1, op=1, pp=4), ParallelConfig(dp=1, op=1, pp=4)), group_models=((0, 2, 3, 23, 27, 29, 32), (0, 2, 12, 15, 17, 35, 41), (0, 6, 14, 26, 28, 32, 34, 37), (1, 3, 13, 14, 16, 29, 30, 41), (1, 5, 7, 9, 11, 15, 22, 35), (1, 11, 12, 20, 30, 36), (2, 6, 8, 16, 19, 21, 28, 41), (4, 5, 8, 18, 27, 31, 38, 40), (4, 7, 8, 19, 20, 22, 24, 31, 32, 41), (4, 7, 17, 18, 23, 25, 38, 39), (8, 10, 14, 16, 25, 26, 27, 28, 34, 41), (9, 10, 13, 14, 33, 38, 40, 41)))	0.999	simulate
goodput_vs_num_devices	42	16	13958643712	64	power_law	gamma	{'cv': 4}	5	200	mp-search-sep	ModelPlacement(group_configs=[ParallelConfig(dp=1, op=1, pp=4), ParallelConfig(dp=1, op=1, pp=8), ParallelConfig(dp=1, op=1, pp=4)], group_models=[[0, 3, 6], [1, 2, 4, 5, 7, 8, 10, 11, 13, 14, 16, 17, 20, 22, 23, 26, 29, 31, 32, 34, 35, 37, 38, 40, 41], [2, 5, 7, 10, 17, 19, 20, 25, 28, 29, 38, 40]])	0.701	simulate
goodput_vs_num_devices	42	24	13958643712	64	power_law	gamma	{'cv': 4}	5	200	mp-search-sep	ModelPlacement(group_configs=[ParallelConfig(dp=1, op=1, pp=8), ParallelConfig(dp=1, op=1, pp=8), ParallelConfig(dp=1, op=1, pp=8)], group_models=[[0, 3, 6, 9, 12, 15, 18], [1, 2, 4, 5, 7, 8, 10, 11, 14, 16, 17, 19, 20, 22, 23, 25, 26, 28, 29, 31, 32, 35, 38, 40, 41], [1, 2, 4, 5, 8, 10, 11, 13, 14, 16, 17, 20, 22, 23, 25, 26, 29, 31, 32, 34, 35, 37, 38, 40, 41]])	0.864	simulate
goodput_vs_num_devices	42	32	13958643712	64	power_law	gamma	{'cv': 4}	5	200	mp-search-sep	ModelPlacement(group_configs=(ParallelConfig(dp=1, op=1, pp=8), ParallelConfig(dp=1, op=1, pp=8), ParallelConfig(dp=1, op=1, pp=8), ParallelConfig(dp=1, op=1, pp=8)), group_models=((0, 1, 2, 8, 11, 13, 14, 17, 19, 22, 23, 25, 29, 31, 32, 33, 35, 39), (1, 7, 9, 10, 14, 16, 17, 18, 19, 20, 21, 23, 29, 31, 37, 38, 41), (2, 3, 5, 7, 8, 10, 15, 16, 23, 27, 30, 36, 38), (4, 5, 6, 11, 12, 13, 14, 20, 22, 24, 25, 26, 28, 34, 35, 40, 41)))	0.976	simulate
goodput_vs_num_devices	42	40	13958643712	64	power_law	gamma	{'cv': 4}	5	200	mp-search-sep	ModelPlacement(group_configs=(ParallelConfig(dp=1, op=1, pp=8), ParallelConfig(dp=1, op=1, pp=8), ParallelConfig(dp=1, op=1, pp=8), ParallelConfig(dp=1, op=1, pp=8), ParallelConfig(dp=1, op=1, pp=8)), group_models=((0, 2, 9, 10, 11, 12, 13, 19, 22, 23, 25, 30, 32, 40), (0, 2, 13, 14, 15, 17, 20, 24, 28, 29, 33, 36, 40), (1, 2, 4, 5, 8, 11, 13, 14, 15, 16, 17, 20, 22, 23, 26, 27, 31, 34, 35, 38, 41), (2, 5, 6, 7, 9, 16, 26, 27, 28, 31, 34, 37, 39, 41), (3, 4, 7, 8, 10, 16, 17, 18, 20, 21, 25, 26, 29, 31, 32, 37, 41)))	0.995	simulate
goodput_vs_num_devices	42	48	13958643712	64	power_law	gamma	{'cv': 4}	5	200	mp-search-sep	ModelPlacement(group_configs=[ParallelConfig(dp=1, op=1, pp=8), ParallelConfig(dp=1, op=1, pp=8), ParallelConfig(dp=1, op=1, pp=8), ParallelConfig(dp=1, op=1, pp=4), ParallelConfig(dp=1, op=1, pp=4), ParallelConfig(dp=1, op=1, pp=4), ParallelConfig(dp=1, op=1, pp=4), ParallelConfig(dp=1, op=1, pp=4), ParallelConfig(dp=1, op=1, pp=4)], group_models=[[0, 3, 9, 15, 24, 27, 33], [0, 3, 15, 18, 21, 27, 39], [0, 6, 9, 12, 27, 30, 36], [1, 2, 4, 14, 16, 17, 23, 25, 29, 31, 32, 35, 41], [1, 2, 5, 10, 14, 17, 19, 20, 22, 23, 28, 37], [2, 4, 5, 8, 13, 14, 16, 17, 20, 23, 26, 34, 38, 41], [2, 4, 7, 16, 20, 25, 26, 28, 31, 32, 40], [2, 5, 7, 8, 11, 14, 17, 23, 26, 31, 34, 38, 40, 41], [2, 7, 8, 10, 11, 14, 17, 19, 23, 26, 29, 35, 37, 41]])	1.0	simulate
goodput_vs_num_devices	42	56	13958643712	64	power_law	gamma	{'cv': 4}	5	200	mp-round-robin	ModelPlacement(group_configs=[ParallelConfig(dp=1, op=1, pp=4), ParallelConfig(dp=1, op=1, pp=4), ParallelConfig(dp=1, op=1, pp=4), ParallelConfig(dp=1, op=1, pp=4), ParallelConfig(dp=1, op=1, pp=4), ParallelConfig(dp=1, op=1, pp=4), ParallelConfig(dp=1, op=1, pp=4), ParallelConfig(dp=1, op=1, pp=4), ParallelConfig(dp=1, op=1, pp=4), ParallelConfig(dp=1, op=1, pp=4), ParallelConfig(dp=1, op=1, pp=4), ParallelConfig(dp=1, op=1, pp=4), ParallelConfig(dp=1, op=1, pp=4), ParallelConfig(dp=1, op=1, pp=4)], group_models=[[0, 14, 28, 1, 15, 29, 2, 23, 8], [1, 15, 29, 2, 16, 30, 4, 26], [2, 16, 30, 3, 17, 31, 5, 28], [3, 17, 31, 4, 18, 32, 7, 29], [4, 18, 32, 5, 19, 33, 8, 31], [5, 19, 33, 6, 20, 34, 10, 32], [6, 20, 34, 7, 21, 35, 11, 37], [7, 21, 35, 8, 22, 36, 13, 38], [8, 22, 36, 9, 23, 37, 14, 40], [9, 23, 37, 10, 24, 38, 16, 41], [10, 24, 38, 11, 25, 39, 17, 1], [11, 25, 39, 12, 26, 40, 19, 2], [12, 26, 40, 13, 27, 41, 20, 4], [13, 27, 41, 14, 28, 0, 22, 5]])	0.998	simulate
goodput_vs_num_devices	42	64	13958643712	64	power_law	gamma	{'cv': 4}	5	200	mp-round-robin	ModelPlacement(group_configs=[ParallelConfig(dp=1, op=1, pp=4), ParallelConfig(dp=1, op=1, pp=4), ParallelConfig(dp=1, op=1, pp=4), ParallelConfig(dp=1, op=1, pp=4), ParallelConfig(dp=1, op=1, pp=4), ParallelConfig(dp=1, op=1, pp=4), ParallelConfig(dp=1, op=1, pp=4), ParallelConfig(dp=1, op=1, pp=4), ParallelConfig(dp=1, op=1, pp=4), ParallelConfig(dp=1, op=1, pp=4), ParallelConfig(dp=1, op=1, pp=4), ParallelConfig(dp=1, op=1, pp=4), ParallelConfig(dp=1, op=1, pp=4), ParallelConfig(dp=1, op=1, pp=4), ParallelConfig(dp=1, op=1, pp=4), ParallelConfig(dp=1, op=1, pp=4)], group_models=[[0, 16, 32, 6, 22, 38, 13, 41], [1, 17, 33, 7, 23, 39, 14, 2], [2, 18, 34, 8, 24, 40, 16, 5], [3, 19, 35, 9, 25, 41, 17, 7], [4, 20, 36, 10, 26, 0, 19, 8], [5, 21, 37, 11, 27, 1, 20, 10], [6, 22, 38, 12, 28, 2, 23, 11], [7, 23, 39, 13, 29, 3, 25, 14], [8, 24, 40, 14, 30, 4, 26, 16], [9, 25, 41, 15, 31, 5, 28, 17], [10, 26, 0, 16, 32, 6, 29, 19], [11, 27, 1, 17, 33, 7, 31, 20], [12, 28, 2, 18, 34, 8, 32, 22], [13, 29, 3, 19, 35, 9, 34, 23], [14, 30, 4, 20, 36, 10, 35, 25], [15, 31, 5, 21, 37, 11, 38, 26]])	1.0	simulate
goodput_vs_num_devices	42	80	13958643712	64	power_law	gamma	{'cv': 4}	5	200	mp-round-robin	ModelPlacement(group_configs=[ParallelConfig(dp=1, op=1, pp=4), ParallelConfig(dp=1, op=1, pp=4), ParallelConfig(dp=1, op=1, pp=4), ParallelConfig(dp=1, op=1, pp=4), ParallelConfig(dp=1, op=1, pp=4), ParallelConfig(dp=1, op=1, pp=4), ParallelConfig(dp=1, op=1, pp=4), ParallelConfig(dp=1, op=1, pp=4), ParallelConfig(dp=1, op=1, pp=4), ParallelConfig(dp=1, op=1, pp=4), ParallelConfig(dp=1, op=1, pp=4), ParallelConfig(dp=1, op=1, pp=4), ParallelConfig(dp=1, op=1, pp=4), ParallelConfig(dp=1, op=1, pp=4), ParallelConfig(dp=1, op=1, pp=4), ParallelConfig(dp=1, op=1, pp=4), ParallelConfig(dp=1, op=1, pp=4), ParallelConfig(dp=1, op=1, pp=4), ParallelConfig(dp=1, op=1, pp=4), ParallelConfig(dp=1, op=1, pp=4)], group_models=[[0, 20, 40, 18, 38, 16, 37, 29], [1, 21, 41, 19, 39, 17, 38, 31], [2, 22, 0, 20, 40, 18, 41, 32], [3, 23, 1, 21, 41, 19, 2, 34], [4, 24, 2, 22, 0, 20, 5, 35], [5, 25, 3, 23, 1, 21, 7, 38], [6, 26, 4, 24, 2, 22, 8, 40], [7, 27, 5, 25, 3, 23, 10, 41], [8, 28, 6, 26, 4, 24, 11, 1], [9, 29, 7, 27, 5, 25, 13, 2], [10, 30, 8, 28, 6, 26, 14, 4], [11, 31, 9, 29, 7, 27, 16, 5], [12, 32, 10, 30, 8, 28, 17, 7], [13, 33, 11, 31, 9, 29, 19, 8], [14, 34, 12, 32, 10, 30, 20, 11], [15, 35, 13, 33, 11, 31, 22, 14], [16, 36, 14, 34, 12, 32, 23, 17], [17, 37, 15, 35, 13, 33, 25, 20], [18, 38, 16, 36, 14, 34, 26, 22], [19, 39, 17, 37, 15, 35, 28, 23]])	1.0	simulate
goodput_vs_num_devices	42	72	13958643712	64	power_law	gamma	{'cv': 4}	5	200	mp-round-robin	ModelPlacement(group_configs=[ParallelConfig(dp=1, op=1, pp=4), ParallelConfig(dp=1, op=1, pp=4), ParallelConfig(dp=1, op=1, pp=4), ParallelConfig(dp=1, op=1, pp=4), ParallelConfig(dp=1, op=1, pp=4), ParallelConfig(dp=1, op=1, pp=4), ParallelConfig(dp=1, op=1, pp=4), ParallelConfig(dp=1, op=1, pp=4), ParallelConfig(dp=1, op=1, pp=4), ParallelConfig(dp=1, op=1, pp=4), ParallelConfig(dp=1, op=1, pp=4), ParallelConfig(dp=1, op=1, pp=4), ParallelConfig(dp=1, op=1, pp=4), ParallelConfig(dp=1, op=1, pp=4), ParallelConfig(dp=1, op=1, pp=4), ParallelConfig(dp=1, op=1, pp=4), ParallelConfig(dp=1, op=1, pp=4), ParallelConfig(dp=1, op=1, pp=4)], group_models=[[0, 18, 36, 13, 31], [1, 19, 37, 14, 32], [2, 20, 38, 15, 33], [3, 21, 39, 16, 34], [4, 22, 40, 17, 35], [5, 23, 41, 18, 36], [6, 24, 0, 19, 37], [7, 25, 1, 20, 38], [8, 26, 2, 21, 39], [9, 27, 3, 22, 40], [10, 28, 4, 23, 41], [11, 29, 5, 24, 0], [12, 30, 6, 25, 1], [13, 31, 7, 26, 2], [14, 32, 8, 27, 3], [15, 33, 9, 28, 4], [16, 34, 10, 29, 5], [17, 35, 11, 30, 6]])	0.998	simulate
goodput_vs_num_devices	42	88	13958643712	64	power_law	gamma	{'cv': 4}	5	200	mp-round-robin	ModelPlacement(group_configs=[ParallelConfig(dp=1, op=1, pp=4), ParallelConfig(dp=1, op=1, pp=4), ParallelConfig(dp=1, op=1, pp=4), ParallelConfig(dp=1, op=1, pp=4), ParallelConfig(dp=1, op=1, pp=4), ParallelConfig(dp=1, op=1, pp=4), ParallelConfig(dp=1, op=1, pp=4), ParallelConfig(dp=1, op=1, pp=4), ParallelConfig(dp=1, op=1, pp=4), ParallelConfig(dp=1, op=1, pp=4), ParallelConfig(dp=1, op=1, pp=4), ParallelConfig(dp=1, op=1, pp=4), ParallelConfig(dp=1, op=1, pp=4), ParallelConfig(dp=1, op=1, pp=4), ParallelConfig(dp=1, op=1, pp=4), ParallelConfig(dp=1, op=1, pp=4), ParallelConfig(dp=1, op=1, pp=4), ParallelConfig(dp=1, op=1, pp=4), ParallelConfig(dp=1, op=1, pp=4), ParallelConfig(dp=1, op=1, pp=4), ParallelConfig(dp=1, op=1, pp=4), ParallelConfig(dp=1, op=1, pp=4)], group_models=[[0, 22, 2, 24, 4, 26, 7, 41], [1, 23, 3, 25, 5, 27, 8, 2], [2, 24, 4, 26, 6, 28, 10, 5], [3, 25, 5, 27, 7, 29, 11, 8], [4, 26, 6, 28, 8, 30, 13, 11], [5, 27, 7, 29, 9, 31, 14, 13], [6, 28, 8, 30, 10, 32, 16, 14], [7, 29, 9, 31, 11, 33, 17, 16], [8, 30, 10, 32, 12, 34, 19, 17], [9, 31, 11, 33, 13, 35, 20, 19], [10, 32, 12, 34, 14, 36, 22, 20], [11, 33, 13, 35, 15, 37, 23, 22], [12, 34, 14, 36, 16, 38, 25, 23], [13, 35, 15, 37, 17, 39, 26, 25], [14, 36, 16, 38, 18, 40, 28, 26], [15, 37, 17, 39, 19, 41, 29, 28], [16, 38, 18, 40, 20, 0, 31, 29], [17, 39, 19, 41, 21, 1, 32, 31], [18, 40, 20, 0, 22, 2, 34, 32], [19, 41, 21, 1, 23, 3, 35, 34], [20, 0, 22, 2, 24, 4, 37, 35], [21, 1, 23, 3, 25, 5, 38, 37]])	1.0	simulate
goodput_vs_num_devices	42	56	13958643712	64	power_law	gamma	{'cv': 4}	5	200	mp-greedy-4	ModelPlacement(group_configs=(ParallelConfig(dp=1, op=1, pp=4), ParallelConfig(dp=1, op=1, pp=4), ParallelConfig(dp=1, op=1, pp=4), ParallelConfig(dp=1, op=1, pp=4), ParallelConfig(dp=1, op=1, pp=4), ParallelConfig(dp=1, op=1, pp=4), ParallelConfig(dp=1, op=1, pp=4), ParallelConfig(dp=1, op=1, pp=4), ParallelConfig(dp=1, op=1, pp=4), ParallelConfig(dp=1, op=1, pp=4), ParallelConfig(dp=1, op=1, pp=4), ParallelConfig(dp=1, op=1, pp=4), ParallelConfig(dp=1, op=1, pp=4), ParallelConfig(dp=1, op=1, pp=4)), group_models=((0, 1, 3, 7, 8, 34, 35, 38), (0, 2, 4, 5, 6, 7, 8, 34), (0, 2, 5, 7, 8, 14, 27, 29, 35, 38), (0, 8, 9, 14, 16, 20, 31, 40), (1, 5, 8, 15, 20, 25, 27, 37), (2, 7, 8, 9, 13, 14, 16, 17, 20, 31, 32), (2, 7, 8, 12, 14, 15, 16, 22), (2, 8, 11, 18, 19, 20, 23, 26, 29, 33), (3, 10, 11, 23, 26, 30, 31, 40), (4, 12, 14, 19, 20, 21, 25, 41), (4, 19, 22, 24, 29, 36, 37), (5, 8, 11, 13, 28, 30, 38, 39, 41), (6, 10, 14, 27, 36, 41), (7, 8, 11, 17, 18, 20, 29, 32, 38, 39)))	1.0	simulate
goodput_vs_num_devices	42	64	13958643712	64	power_law	gamma	{'cv': 4}	5	200	mp-greedy-4	ModelPlacement(group_configs=(ParallelConfig(dp=1, op=1, pp=4), ParallelConfig(dp=1, op=1, pp=4), ParallelConfig(dp=1, op=1, pp=4), ParallelConfig(dp=1, op=1, pp=4), ParallelConfig(dp=1, op=1, pp=4), ParallelConfig(dp=1, op=1, pp=4), ParallelConfig(dp=1, op=1, pp=4), ParallelConfig(dp=1, op=1, pp=4), ParallelConfig(dp=1, op=1, pp=4), ParallelConfig(dp=1, op=1, pp=4), ParallelConfig(dp=1, op=1, pp=4), ParallelConfig(dp=1, op=1, pp=4), ParallelConfig(dp=1, op=1, pp=4), ParallelConfig(dp=1, op=1, pp=4), ParallelConfig(dp=1, op=1, pp=4), ParallelConfig(dp=1, op=1, pp=4)), group_models=((0, 1, 3, 7, 8, 16, 20, 38), (0, 2, 6, 7, 8, 16, 19, 38), (0, 2, 7, 8, 13, 16, 23, 39), (0, 4, 5, 8, 18, 20, 28, 32, 41), (0, 4, 7, 8, 10, 14, 16, 17, 19, 26), (0, 4, 7, 8, 16, 19, 26, 34, 38, 41), (0, 5, 7, 8, 11, 17, 20, 29, 33, 38), (0, 13, 18, 21, 25), (1, 15, 27, 28, 36), (2, 7, 8, 9, 12, 17, 31, 40), (3, 15, 22, 24, 40), (5, 7, 8, 10, 14, 16, 20, 28, 36, 37), (6, 8, 14, 27, 29, 39, 41), (7, 11, 19, 23, 27, 30, 34, 35), (8, 9, 12, 14, 22, 29, 31, 32, 35), (16, 19, 21, 25, 30, 31, 35)))	1.0	simulate
goodput_vs_num_devices	42	72	13958643712	64	power_law	gamma	{'cv': 4}	5	200	mp-greedy-4	ModelPlacement(group_configs=(ParallelConfig(dp=1, op=1, pp=4), ParallelConfig(dp=1, op=1, pp=4), ParallelConfig(dp=1, op=1, pp=4), ParallelConfig(dp=1, op=1, pp=4), ParallelConfig(dp=1, op=1, pp=4), ParallelConfig(dp=1, op=1, pp=4), ParallelConfig(dp=1, op=1, pp=4), ParallelConfig(dp=1, op=1, pp=4), ParallelConfig(dp=1, op=1, pp=4), ParallelConfig(dp=1, op=1, pp=4), ParallelConfig(dp=1, op=1, pp=4), ParallelConfig(dp=1, op=1, pp=4), ParallelConfig(dp=1, op=1, pp=4), ParallelConfig(dp=1, op=1, pp=4), ParallelConfig(dp=1, op=1, pp=4), ParallelConfig(dp=1, op=1, pp=4), ParallelConfig(dp=1, op=1, pp=4), ParallelConfig(dp=1, op=1, pp=4)), group_models=((0, 1, 3, 7, 8, 16, 40), (0, 1, 5, 7, 8, 16, 23, 24), (0, 2, 5, 7, 8, 16, 20, 38, 39), (0, 2, 7, 8, 13, 16, 17, 30), (0, 3, 8, 14, 28, 36), (0, 4, 6, 7, 8, 16, 22), (0, 7, 8, 10, 16, 19, 25, 31, 41), (0, 7, 8, 10, 20, 25, 27, 35), (0, 7, 8, 11, 14, 16, 17, 19, 20, 29, 32, 38), (0, 7, 8, 11, 19, 20, 26, 29, 36), (0, 7, 8, 12, 16, 20, 29, 37), (0, 7, 8, 15, 16, 20, 22, 38), (0, 7, 8, 16, 19, 27, 34), (2, 18, 27, 29, 33, 40), (4, 7, 8, 9, 12, 26, 31, 32), (4, 7, 8, 13, 20, 21, 39, 41), (6, 7, 8, 15, 20, 23, 34, 37), (7, 9, 18, 28, 30)))	1.0	simulate
goodput_vs_num_devices	42	80	13958643712	64	power_law	gamma	{'cv': 4}	5	200	mp-greedy-4	ModelPlacement(group_configs=(ParallelConfig(dp=1, op=1, pp=4), ParallelConfig(dp=1, op=1, pp=4), ParallelConfig(dp=1, op=1, pp=4), ParallelConfig(dp=1, op=1, pp=4), ParallelConfig(dp=1, op=1, pp=4), ParallelConfig(dp=1, op=1, pp=4), ParallelConfig(dp=1, op=1, pp=4), ParallelConfig(dp=1, op=1, pp=4), ParallelConfig(dp=1, op=1, pp=4), ParallelConfig(dp=1, op=1, pp=4), ParallelConfig(dp=1, op=1, pp=4), ParallelConfig(dp=1, op=1, pp=4), ParallelConfig(dp=1, op=1, pp=4), ParallelConfig(dp=1, op=1, pp=4), ParallelConfig(dp=1, op=1, pp=4), ParallelConfig(dp=1, op=1, pp=4), ParallelConfig(dp=1, op=1, pp=4), ParallelConfig(dp=1, op=1, pp=4), ParallelConfig(dp=1, op=1, pp=4), ParallelConfig(dp=1, op=1, pp=4)), group_models=((0, 1, 7, 8, 9, 16, 20, 41), (0, 1, 7, 8, 16, 20, 30, 41), (0, 2, 4, 7, 8, 13, 16, 19, 20, 29), (0, 2, 7, 8, 11, 16, 17, 19, 20, 23, 29, 38), (0, 3, 4, 21, 40), (0, 4, 7, 8, 16, 19, 20, 32, 34, 38), (0, 5, 7, 8, 12, 16, 20, 28), (0, 5, 7, 8, 16, 19, 26, 27), (0, 6, 7, 8, 32, 36), (0, 6, 7, 18, 31), (0, 7, 8, 10, 11, 16, 19, 20, 35, 38, 41), (0, 7, 8, 10, 12, 14, 20, 23, 29), (0, 7, 8, 16, 19, 20, 23, 26, 29, 38, 40), (0, 7, 8, 16, 25, 36, 37), (0, 8, 18, 20, 28, 39), (0, 8, 19, 20, 22, 24, 25, 29), (0, 9, 14, 15, 22, 23), (3, 5, 8, 20, 26, 27, 33), (8, 13, 14, 19, 26, 27, 37, 39), (14, 15, 20, 27, 30, 31)))	1.0	simulate
goodput_vs_num_devices	42	88	13958643712	64	power_law	gamma	{'cv': 4}	5	200	mp-greedy-4	ModelPlacement(group_configs=(ParallelConfig(dp=1, op=1, pp=4), ParallelConfig(dp=1, op=1, pp=4), ParallelConfig(dp=1, op=1, pp=4), ParallelConfig(dp=1, op=1, pp=4), ParallelConfig(dp=1, op=1, pp=4), ParallelConfig(dp=1, op=1, pp=4), ParallelConfig(dp=1, op=1, pp=4), ParallelConfig(dp=1, op=1, pp=4), ParallelConfig(dp=1, op=1, pp=4), ParallelConfig(dp=1, op=1, pp=4), ParallelConfig(dp=1, op=1, pp=4), ParallelConfig(dp=1, op=1, pp=4), ParallelConfig(dp=1, op=1, pp=4), ParallelConfig(dp=1, op=1, pp=4), ParallelConfig(dp=1, op=1, pp=4), ParallelConfig(dp=1, op=1, pp=4), ParallelConfig(dp=1, op=1, pp=4), ParallelConfig(dp=1, op=1, pp=4), ParallelConfig(dp=1, op=1, pp=4), ParallelConfig(dp=1, op=1, pp=4), ParallelConfig(dp=1, op=1, pp=4), ParallelConfig(dp=1, op=1, pp=4)), group_models=((0, 1, 7, 8, 10, 16, 19, 20, 29, 38), (0, 1, 7, 8, 16, 19, 33), (0, 2, 7, 8, 14, 16, 19, 27), (0, 2, 7, 8, 16, 19, 20, 22, 23, 29, 38), (0, 3, 7, 8, 12, 32), (0, 3, 8, 11, 12, 37), (0, 4, 7, 8, 16, 19, 20, 29, 34, 41), (0, 4, 15, 36, 40), (0, 5, 7, 8, 15, 39), (0, 5, 7, 8, 16, 20, 26, 27, 38), (0, 6, 8, 13, 20, 30), (0, 7, 8, 9, 20, 21), (0, 7, 8, 10, 16, 19, 20, 22, 29, 38), (0, 7, 8, 11, 16, 18, 23, 38, 41), (0, 7, 8, 11, 16, 19, 20, 23, 28, 29, 38), (0, 7, 8, 11, 16, 20, 25, 26, 31, 37), (0, 7, 8, 13, 16, 17, 19, 20, 23, 29, 38), (0, 7, 8, 16, 17, 19, 27, 29), (0, 8, 14, 18, 24, 29, 35), (0, 9, 19, 30, 32, 35), (4, 7, 8, 20, 23, 25, 27, 36), (6, 7, 8, 19, 31, 39, 40)))	1.0	simulate
goodput_vs_num_devices	42	56	13958643712	64	power_law	gamma	{'cv': 4}	5	200	mp-search-sep	ModelPlacement(group_configs=[ParallelConfig(dp=1, op=1, pp=8), ParallelConfig(dp=1, op=1, pp=8), ParallelConfig(dp=1, op=1, pp=8), ParallelConfig(dp=1, op=1, pp=4), ParallelConfig(dp=1, op=1, pp=4), ParallelConfig(dp=1, op=1, pp=4), ParallelConfig(dp=1, op=1, pp=4), ParallelConfig(dp=1, op=1, pp=4), ParallelConfig(dp=1, op=1, pp=4), ParallelConfig(dp=1, op=1, pp=4), ParallelConfig(dp=1, op=1, pp=4)], group_models=[[0, 3, 9, 15, 24, 27, 33], [0, 3, 15, 18, 21, 27, 39], [0, 6, 9, 12, 27, 30, 36], [1, 2, 7, 8, 16, 19, 20, 23, 26, 31, 35, 40], [1, 5, 7, 8, 10, 16, 19, 20, 23, 29, 31, 38], [2, 4, 7, 8, 14, 16, 19, 20, 25, 29, 32, 35, 38], [2, 7, 8, 10, 16, 17, 19, 20, 28, 29, 37, 38], [4, 5, 7, 8, 14, 16, 19, 20, 22, 23, 29, 38, 41], [4, 7, 8, 11, 16, 17, 19, 20, 23, 25, 26, 29, 38], [7, 8, 11, 14, 16, 17, 19, 20, 23, 28, 29, 34, 38], [7, 8, 13, 16, 17, 20, 22, 31, 32, 38, 40, 41]])	1.0	simulate
goodput_vs_num_devices	42	64	13958643712	64	power_law	gamma	{'cv': 4}	5	200	mp-search-sep	ModelPlacement(group_configs=[ParallelConfig(dp=1, op=1, pp=8), ParallelConfig(dp=1, op=1, pp=8), ParallelConfig(dp=1, op=1, pp=8), ParallelConfig(dp=1, op=1, pp=1), ParallelConfig(dp=1, op=4, pp=1), ParallelConfig(dp=1, op=4, pp=1), ParallelConfig(dp=1, op=4, pp=1), ParallelConfig(dp=1, op=4, pp=1), ParallelConfig(dp=1, op=4, pp=1), ParallelConfig(dp=1, op=4, pp=1), ParallelConfig(dp=1, op=4, pp=1), ParallelConfig(dp=1, op=4, pp=1), ParallelConfig(dp=1, op=4, pp=1), ParallelConfig(dp=1, op=1, pp=2), ParallelConfig(dp=1, op=1, pp=1)], group_models=[[0, 3, 9, 15, 27, 30, 36], [0, 3, 12, 24, 27, 33, 36], [0, 6, 15, 18, 21, 27, 39], [9], [1, 2, 7, 8, 11, 13, 16, 19, 20, 22, 23, 29, 38], [1, 4, 7, 8, 16, 17, 19, 20, 23, 26, 29, 34, 38], [2, 4, 7, 8, 11, 16, 19, 20, 23, 29, 31, 38, 40], [2, 5, 7, 8, 13, 16, 19, 20, 22, 23, 26, 29, 32, 38], [4, 5, 7, 8, 13, 16, 19, 20, 23, 29, 31, 35, 38], [7, 8, 10, 14, 16, 19, 20, 22, 29, 31, 34, 35], [7, 8, 10, 14, 16, 19, 20, 25, 28, 32, 37, 38], [7, 8, 11, 13, 14, 16, 19, 20, 23, 26, 28, 29, 38, 41], [7, 8, 11, 16, 17, 19, 20, 23, 25, 29, 32, 38, 40, 41], [8, 13, 16, 20, 22, 29], [14, 16, 23]])	1.0	simulate
goodput_vs_num_devices	42	72	13958643712	64	power_law	gamma	{'cv': 4}	5	200	mp-search-sep	ModelPlacement(group_configs=[ParallelConfig(dp=1, op=1, pp=8), ParallelConfig(dp=1, op=1, pp=8), ParallelConfig(dp=1, op=1, pp=8), ParallelConfig(dp=1, op=1, pp=2), ParallelConfig(dp=1, op=4, pp=1), ParallelConfig(dp=1, op=4, pp=1), ParallelConfig(dp=1, op=4, pp=1), ParallelConfig(dp=1, op=4, pp=1), ParallelConfig(dp=1, op=4, pp=1), ParallelConfig(dp=1, op=4, pp=1), ParallelConfig(dp=1, op=4, pp=1), ParallelConfig(dp=1, op=4, pp=1), ParallelConfig(dp=1, op=4, pp=1), ParallelConfig(dp=1, op=4, pp=1), ParallelConfig(dp=1, op=4, pp=1), ParallelConfig(dp=1, op=1, pp=2)], group_models=[[0, 3, 9, 12, 24, 27, 30], [0, 3, 9, 18, 21, 27, 36], [0, 6, 12, 15, 27, 33, 39], [9, 15], [1, 2, 5, 7, 8, 11, 13, 14, 16, 19, 20, 23, 29, 38], [1, 2, 7, 8, 11, 13, 16, 19, 20, 23, 29, 37, 38], [2, 7, 8, 11, 13, 16, 19, 20, 22, 23, 28, 29, 38], [4, 7, 8, 10, 13, 16, 19, 20, 22, 29, 32, 38], [4, 7, 8, 10, 16, 19, 20, 25, 29, 31, 35, 38], [4, 7, 8, 11, 13, 16, 17, 19, 20, 23, 29, 34, 38], [5, 7, 8, 11, 13, 14, 16, 19, 20, 23, 26, 29, 35, 38, 41], [7, 8, 11, 13, 14, 16, 19, 20, 22, 23, 29, 34, 38], [7, 8, 11, 13, 16, 19, 20, 22, 31, 35, 38, 40], [7, 8, 13, 16, 17, 19, 20, 23, 25, 29, 35, 37, 38], [7, 8, 13, 16, 19, 20, 23, 26, 29, 31, 32, 38, 40], [10, 14, 19, 20, 25, 41]])	1.0	simulate
goodput_vs_num_devices	42	80	13958643712	64	power_law	gamma	{'cv': 4}	5	200	mp-search-sep	ModelPlacement(group_configs=[ParallelConfig(dp=1, op=1, pp=8), ParallelConfig(dp=1, op=1, pp=8), ParallelConfig(dp=1, op=1, pp=8), ParallelConfig(dp=1, op=1, pp=1), ParallelConfig(dp=1, op=4, pp=1), ParallelConfig(dp=1, op=4, pp=1), ParallelConfig(dp=1, op=4, pp=1), ParallelConfig(dp=1, op=4, pp=1), ParallelConfig(dp=1, op=1, pp=2), ParallelConfig(dp=1, op=4, pp=1), ParallelConfig(dp=1, op=4, pp=1), ParallelConfig(dp=1, op=4, pp=1), ParallelConfig(dp=1, op=4, pp=1), ParallelConfig(dp=1, op=4, pp=1), ParallelConfig(dp=1, op=4, pp=1), ParallelConfig(dp=1, op=4, pp=1), ParallelConfig(dp=1, op=4, pp=1), ParallelConfig(dp=1, op=4, pp=1), ParallelConfig(dp=1, op=1, pp=1)], group_models=[[0, 3, 9, 15, 27, 30, 36], [0, 3, 12, 24, 27, 33, 36], [0, 6, 15, 18, 21, 27, 39], [9], [1, 7, 8, 11, 13, 16, 17, 19, 20, 22, 23, 29, 38], [1, 7, 8, 11, 13, 16, 19, 20, 22, 23, 29, 35, 38], [2, 5, 7, 8, 11, 13, 14, 16, 19, 20, 22, 23, 29, 38], [2, 7, 8, 11, 13, 14, 16, 19, 20, 22, 23, 26, 29, 38], [2, 19, 20, 26, 29, 38, 40], [4, 5, 7, 8, 11, 13, 16, 19, 20, 23, 29, 32, 38, 41], [4, 7, 8, 10, 13, 16, 19, 20, 26, 29, 34, 38], [4, 7, 8, 11, 16, 19, 20, 23, 25, 29, 31, 38, 41], [4, 7, 8, 14, 16, 17, 19, 20, 23, 28, 29, 37, 38], [7, 8, 10, 11, 13, 16, 19, 20, 23, 25, 29, 38, 41], [7, 8, 11, 13, 14, 16, 19, 20, 22, 23, 26, 29, 35, 38], [7, 8, 11, 13, 14, 16, 19, 20, 22, 23, 29, 37, 38], [7, 8, 11, 13, 16, 19, 20, 22, 23, 29, 31, 32, 38], [7, 8, 14, 16, 19, 20, 22, 28, 29, 34, 38, 40], [29, 38, 40]])	1.0	simulate
goodput_vs_num_devices	42	88	13958643712	64	power_law	gamma	{'cv': 4}	5	200	mp-search-sep	ModelPlacement(group_configs=[ParallelConfig(dp=1, op=1, pp=8), ParallelConfig(dp=1, op=1, pp=8), ParallelConfig(dp=1, op=1, pp=8), ParallelConfig(dp=1, op=4, pp=1), ParallelConfig(dp=1, op=4, pp=1), ParallelConfig(dp=1, op=4, pp=1), ParallelConfig(dp=1, op=4, pp=1), ParallelConfig(dp=1, op=4, pp=1), ParallelConfig(dp=1, op=4, pp=1), ParallelConfig(dp=1, op=4, pp=1), ParallelConfig(dp=1, op=4, pp=1), ParallelConfig(dp=1, op=4, pp=1), ParallelConfig(dp=1, op=4, pp=1), ParallelConfig(dp=1, op=4, pp=1), ParallelConfig(dp=1, op=4, pp=1), ParallelConfig(dp=1, op=4, pp=1), ParallelConfig(dp=1, op=4, pp=1), ParallelConfig(dp=1, op=4, pp=1), ParallelConfig(dp=1, op=4, pp=1)], group_models=[[0, 3, 9, 15, 24, 27, 33], [0, 3, 15, 18, 21, 27, 39], [0, 6, 9, 12, 27, 30, 36], [1, 2, 7, 8, 11, 13, 16, 19, 20, 22, 23, 29, 38], [1, 4, 7, 8, 13, 16, 19, 20, 22, 23, 29, 38], [2, 5, 7, 8, 11, 13, 14, 16, 19, 20, 22, 23, 29, 38], [2, 7, 8, 11, 13, 14, 16, 19, 20, 22, 23, 26, 29, 38], [4, 5, 7, 8, 11, 13, 16, 19, 20, 22, 23, 29, 38], [4, 7, 8, 13, 16, 19, 20, 22, 23, 25, 29, 38], [7, 8, 10, 13, 16, 17, 19, 20, 22, 23, 26, 29, 38], [7, 8, 10, 13, 16, 19, 20, 23, 28, 29, 34, 38], [7, 8, 11, 13, 14, 16, 19, 20, 22, 23, 26, 29, 38, 41], [7, 8, 11, 13, 14, 16, 19, 20, 22, 23, 29, 34, 38], [7, 8, 11, 13, 14, 16, 19, 20, 22, 23, 29, 37, 38], [7, 8, 11, 13, 16, 19, 20, 22, 23, 28, 29, 35, 38], [7, 8, 11, 13, 16, 19, 20, 23, 25, 29, 31, 32, 38], [7, 8, 11, 13, 16, 19, 20, 23, 29, 31, 32, 38, 40], [7, 8, 13, 16, 17, 19, 20, 22, 23, 29, 35, 38, 40], [7, 8, 13, 16, 19, 20, 22, 23, 25, 26, 29, 38, 41]])	1.0	simulate
goodput_vs_num_models	3	24	13958643712	4.571428571428571	power_law	gamma	{'cv': 4}	5	200	mp-round-robin	ModelPlacement(group_configs=[ParallelConfig(dp=1, op=1, pp=4), ParallelConfig(dp=1, op=1, pp=4), ParallelConfig(dp=1, op=1, pp=4), ParallelConfig(dp=1, op=1, pp=4), ParallelConfig(dp=1, op=1, pp=4), ParallelConfig(dp=1, op=1, pp=4)], group_models=[[0, 1, 2], [1, 2, 0], [2, 0, 1], [0, 1, 2], [1, 2, 0], [2, 0, 1]])	1.0	simulate
goodput_vs_num_models	3	24	13958643712	4.571428571428571	power_law	gamma	{'cv': 4}	5	200	mp-greedy-4	ModelPlacement(group_configs=(ParallelConfig(dp=1, op=1, pp=4), ParallelConfig(dp=1, op=1, pp=4), ParallelConfig(dp=1, op=1, pp=4), ParallelConfig(dp=1, op=1, pp=4), ParallelConfig(dp=1, op=1, pp=4), ParallelConfig(dp=1, op=1, pp=4)), group_models=((0, 1, 2), (0, 1, 2), (0, 1, 2), (0, 1, 2), (0, 1, 2), (0, 1, 2)))	1.0	simulate
goodput_vs_num_models	12	24	13958643712	18.285714285714285	power_law	gamma	{'cv': 4}	5	200	mp-round-robin	ModelPlacement(group_configs=[ParallelConfig(dp=1, op=1, pp=4), ParallelConfig(dp=1, op=1, pp=4), ParallelConfig(dp=1, op=1, pp=4), ParallelConfig(dp=1, op=1, pp=4), ParallelConfig(dp=1, op=1, pp=4), ParallelConfig(dp=1, op=1, pp=4)], group_models=[[0, 6, 1, 7, 2, 8, 4, 5], [1, 7, 2, 8, 3, 9, 5, 10], [2, 8, 3, 9, 4, 10, 7, 11], [3, 9, 4, 10, 5, 11, 8, 1], [4, 10, 5, 11, 6, 0, 1, 2], [5, 11, 6, 0, 7, 1, 2, 4]])	1.0	simulate
goodput_vs_num_models	18	24	13958643712	27.428571428571427	power_law	gamma	{'cv': 4}	5	200	mp-round-robin	ModelPlacement(group_configs=[ParallelConfig(dp=1, op=1, pp=4), ParallelConfig(dp=1, op=1, pp=4), ParallelConfig(dp=1, op=1, pp=4), ParallelConfig(dp=1, op=1, pp=4), ParallelConfig(dp=1, op=1, pp=4), ParallelConfig(dp=1, op=1, pp=4)], group_models=[[0, 6, 12, 1, 7], [1, 7, 13, 2, 8], [2, 8, 14, 3, 9], [3, 9, 15, 4, 10], [4, 10, 16, 5, 11], [5, 11, 17, 6, 12]])	0.979	simulate
goodput_vs_num_models	12	24	13958643712	18.285714285714285	power_law	gamma	{'cv': 4}	5	200	mp-greedy-4	ModelPlacement(group_configs=(ParallelConfig(dp=1, op=1, pp=4), ParallelConfig(dp=1, op=1, pp=4), ParallelConfig(dp=1, op=1, pp=4), ParallelConfig(dp=1, op=1, pp=4), ParallelConfig(dp=1, op=1, pp=4), ParallelConfig(dp=1, op=1, pp=4)), group_models=((0, 1, 2, 4, 5, 7, 9, 11), (0, 2, 3, 4, 5, 7, 8, 11), (0, 2, 4, 5, 6, 7, 10, 11), (1, 2, 4, 5, 6, 7, 8, 10, 11), (2, 3, 4, 5, 6, 7, 10, 11), (2, 4, 5, 6, 7, 9, 10, 11)))	1.0	simulate
goodput_vs_num_models	24	24	13958643712	36.57142857142857	power_law	gamma	{'cv': 4}	5	200	mp-round-robin	ModelPlacement(group_configs=[ParallelConfig(dp=1, op=1, pp=4), ParallelConfig(dp=1, op=1, pp=4), ParallelConfig(dp=1, op=1, pp=4), ParallelConfig(dp=1, op=1, pp=4), ParallelConfig(dp=1, op=1, pp=4), ParallelConfig(dp=1, op=1, pp=4)], group_models=[[0, 6, 12, 19, 1], [1, 7, 13, 20, 2], [2, 8, 14, 21, 3], [3, 9, 15, 22, 4], [4, 10, 16, 23, 5], [5, 11, 17, 0, 6]])	0.923	simulate
goodput_vs_num_models	18	24	13958643712	27.428571428571427	power_law	gamma	{'cv': 4}	5	200	mp-greedy-4	ModelPlacement(group_configs=(ParallelConfig(dp=1, op=1, pp=4), ParallelConfig(dp=1, op=1, pp=4), ParallelConfig(dp=1, op=1, pp=4), ParallelConfig(dp=1, op=1, pp=4), ParallelConfig(dp=1, op=1, pp=4), ParallelConfig(dp=1, op=1, pp=4)), group_models=((0, 1, 2, 4, 5, 7, 8, 11, 14, 16, 17), (0, 1, 2, 5, 6, 8, 13, 14, 17), (0, 2, 5, 6, 11, 12, 14), (2, 3, 5, 12, 15, 16), (2, 4, 5, 7, 8, 9, 10, 11, 14, 16, 17), (3, 8, 9, 10, 13, 14, 16, 17)))	1.0	simulate
goodput_vs_num_models	24	24	13958643712	36.57142857142857	power_law	gamma	{'cv': 4}	5	200	mp-greedy-4	ModelPlacement(group_configs=(ParallelConfig(dp=1, op=1, pp=4), ParallelConfig(dp=1, op=1, pp=4), ParallelConfig(dp=1, op=1, pp=4), ParallelConfig(dp=1, op=1, pp=4), ParallelConfig(dp=1, op=1, pp=4), ParallelConfig(dp=1, op=1, pp=4)), group_models=((0, 1, 2, 5, 7, 11, 19, 21), (0, 1, 9, 10, 11, 14, 17, 20, 23), (0, 2, 12, 14, 18, 22), (2, 3, 4, 5, 8, 15, 16, 20, 23), (2, 3, 7, 8, 11, 13, 16, 17, 19, 22), (4, 5, 6, 10, 12, 13, 14, 23)))	0.988	simulate
goodput_vs_num_devices	42	96	13958643712	64	power_law	gamma	{'cv': 4}	5	200	mp-round-robin	ModelPlacement(group_configs=[ParallelConfig(dp=1, op=1, pp=4), ParallelConfig(dp=1, op=1, pp=4), ParallelConfig(dp=1, op=1, pp=4), ParallelConfig(dp=1, op=1, pp=4), ParallelConfig(dp=1, op=1, pp=4), ParallelConfig(dp=1, op=1, pp=4), ParallelConfig(dp=1, op=1, pp=4), ParallelConfig(dp=1, op=1, pp=4), ParallelConfig(dp=1, op=1, pp=4), ParallelConfig(dp=1, op=1, pp=4), ParallelConfig(dp=1, op=1, pp=4), ParallelConfig(dp=1, op=1, pp=4), ParallelConfig(dp=1, op=1, pp=4), ParallelConfig(dp=1, op=1, pp=4), ParallelConfig(dp=1, op=1, pp=4), ParallelConfig(dp=1, op=1, pp=4), ParallelConfig(dp=1, op=1, pp=4), ParallelConfig(dp=1, op=1, pp=4), ParallelConfig(dp=1, op=1, pp=4), ParallelConfig(dp=1, op=1, pp=4), ParallelConfig(dp=1, op=1, pp=4), ParallelConfig(dp=1, op=1, pp=4), ParallelConfig(dp=1, op=1, pp=4), ParallelConfig(dp=1, op=1, pp=4)], group_models=[[0, 24, 6, 31, 13], [1, 25, 7, 32, 14], [2, 26, 8, 33, 15], [3, 27, 9, 34, 16], [4, 28, 10, 35, 17], [5, 29, 11, 36, 18], [6, 30, 12, 37, 19], [7, 31, 13, 38, 20], [8, 32, 14, 39, 21], [9, 33, 15, 40, 22], [10, 34, 16, 41, 23], [11, 35, 17, 0, 24], [12, 36, 18, 1, 25], [13, 37, 19, 2, 26], [14, 38, 20, 3, 27], [15, 39, 21, 4, 28], [16, 40, 22, 5, 29], [17, 41, 23, 6, 30], [18, 0, 24, 7, 31], [19, 1, 25, 8, 32], [20, 2, 26, 9, 33], [21, 3, 27, 10, 34], [22, 4, 28, 11, 35], [23, 5, 29, 12, 36]])	1.0	simulate
goodput_vs_num_models	3	24	13958643712	4.571428571428571	power_law	gamma	{'cv': 4}	5	200	mp-search-sep	ModelPlacement(group_configs=(ParallelConfig(dp=1, op=2, pp=1), ParallelConfig(dp=1, op=2, pp=1), ParallelConfig(dp=1, op=2, pp=1), ParallelConfig(dp=1, op=2, pp=1), ParallelConfig(dp=1, op=2, pp=1), ParallelConfig(dp=1, op=2, pp=1), ParallelConfig(dp=1, op=2, pp=1), ParallelConfig(dp=1, op=2, pp=1), ParallelConfig(dp=1, op=2, pp=1), ParallelConfig(dp=1, op=2, pp=1), ParallelConfig(dp=1, op=2, pp=1), ParallelConfig(dp=1, op=2, pp=1)), group_models=((0, 1, 2), (0, 1, 2), (0, 1, 2), (0, 1, 2), (0, 1, 2), (0, 1, 2), (0, 1, 2), (0, 1, 2), (0, 1, 2), (0, 1, 2), (0, 1, 2), (0, 1, 2)))	1.0	simulate
goodput_vs_num_devices	42	96	13958643712	64	power_law	gamma	{'cv': 4}	5	200	mp-greedy-4	ModelPlacement(group_configs=(ParallelConfig(dp=1, op=1, pp=4), ParallelConfig(dp=1, op=1, pp=4), ParallelConfig(dp=1, op=1, pp=4), ParallelConfig(dp=1, op=1, pp=4), ParallelConfig(dp=1, op=1, pp=4), ParallelConfig(dp=1, op=1, pp=4), ParallelConfig(dp=1, op=1, pp=4), ParallelConfig(dp=1, op=1, pp=4), ParallelConfig(dp=1, op=1, pp=4), ParallelConfig(dp=1, op=1, pp=4), ParallelConfig(dp=1, op=1, pp=4), ParallelConfig(dp=1, op=1, pp=4), ParallelConfig(dp=1, op=1, pp=4), ParallelConfig(dp=1, op=1, pp=4), ParallelConfig(dp=1, op=1, pp=4), ParallelConfig(dp=1, op=1, pp=4), ParallelConfig(dp=1, op=1, pp=4), ParallelConfig(dp=1, op=1, pp=4), ParallelConfig(dp=1, op=1, pp=4), ParallelConfig(dp=1, op=1, pp=4), ParallelConfig(dp=1, op=1, pp=4), ParallelConfig(dp=1, op=1, pp=4), ParallelConfig(dp=1, op=1, pp=4), ParallelConfig(dp=1, op=1, pp=4)), group_models=((0, 1, 3, 7, 8, 16, 19), (0, 1, 7, 8, 16, 19, 20, 29, 38, 40), (0, 2, 7, 8, 9, 16, 19, 20), (0, 2, 7, 8, 9, 16, 19, 41), (0, 2, 7, 8, 16, 20, 22, 27), (0, 3, 7, 8, 17, 20, 31, 40), (0, 4, 5, 7, 8, 16, 20, 27), (0, 4, 7, 8, 16, 20, 39, 41), (0, 4, 8, 15, 20, 24), (0, 5, 7, 8, 11, 14, 16, 19, 20, 23, 29, 38), (0, 6, 7, 8, 13, 16, 31), (0, 6, 8, 11, 20, 26, 36), (0, 7, 8, 10, 16, 20, 29, 39), (0, 7, 8, 11, 16, 19, 21, 23), (0, 7, 8, 14, 16, 19, 20, 25, 29, 32, 38), (0, 7, 8, 16, 18, 20, 28, 35), (0, 7, 8, 16, 18, 20, 29, 37), (0, 7, 8, 16, 19, 20, 22, 28, 29, 38), (0, 7, 8, 16, 19, 20, 27, 35), (0, 7, 8, 16, 19, 27, 29, 38), (0, 7, 8, 16, 20, 25, 35, 36), (0, 10, 12, 14, 30, 32), (2, 7, 8, 12, 15, 33), (7, 8, 16, 17, 26, 27, 30, 34)))	1.0	simulate
goodput_vs_num_models	12	24	13958643712	18.285714285714285	power_law	gamma	{'cv': 4}	5	200	mp-search-sep	ModelPlacement(group_configs=(ParallelConfig(dp=1, op=4, pp=1), ParallelConfig(dp=1, op=4, pp=1), ParallelConfig(dp=1, op=4, pp=1), ParallelConfig(dp=1, op=4, pp=1), ParallelConfig(dp=1, op=4, pp=1), ParallelConfig(dp=1, op=4, pp=1)), group_models=((0, 1, 2, 4, 5, 6, 7, 8, 11), (0, 1, 2, 4, 5, 6, 8, 10, 11), (0, 2, 3, 4, 5, 7, 8, 10, 11), (1, 2, 3, 4, 5, 6, 7, 8, 11), (2, 4, 5, 6, 7, 8, 9, 10, 11), (2, 4, 5, 6, 7, 8, 9, 10, 11)))	1.0	simulate
goodput_vs_num_models	18	24	13958643712	27.428571428571427	power_law	gamma	{'cv': 4}	5	200	mp-search-sep	ModelPlacement(group_configs=(ParallelConfig(dp=1, op=4, pp=1), ParallelConfig(dp=1, op=4, pp=1), ParallelConfig(dp=1, op=4, pp=1), ParallelConfig(dp=1, op=4, pp=1), ParallelConfig(dp=1, op=4, pp=1), ParallelConfig(dp=1, op=4, pp=1)), group_models=((0, 1, 2, 7, 10, 11, 14, 15, 17), (0, 3, 8, 9, 10, 11, 17), (0, 4, 5, 6, 11, 13, 14, 16, 17), (1, 2, 4, 5, 8, 10, 11, 12, 13, 14, 17), (2, 3, 6, 8, 12, 14, 16), (2, 5, 7, 8, 9, 11, 14, 15, 16, 17)))	1.0	simulate
goodput_vs_num_models	24	24	13958643712	36.57142857142857	power_law	gamma	{'cv': 4}	5	200	mp-search-sep	ModelPlacement(group_configs=(ParallelConfig(dp=1, op=1, pp=8), ParallelConfig(dp=1, op=1, pp=8), ParallelConfig(dp=1, op=1, pp=8)), group_models=((0, 1, 2, 3, 5, 6, 8, 10, 11, 14, 15, 16, 17, 20, 22, 23), (0, 2, 4, 5, 7, 8, 10, 11, 12, 13, 14, 16, 17, 19, 20, 21, 23), (1, 2, 3, 4, 5, 7, 8, 9, 10, 11, 13, 14, 17, 18, 19, 20, 23)))	0.996	simulate
goodput_vs_num_devices	42	96	13958643712	64	power_law	gamma	{'cv': 4}	5	200	mp-search-sep	ModelPlacement(group_configs=[ParallelConfig(dp=1, op=1, pp=8), ParallelConfig(dp=1, op=1, pp=8), ParallelConfig(dp=1, op=1, pp=8), ParallelConfig(dp=1, op=4, pp=1), ParallelConfig(dp=1, op=4, pp=1), ParallelConfig(dp=1, op=4, pp=1), ParallelConfig(dp=1, op=4, pp=1), ParallelConfig(dp=1, op=4, pp=1), ParallelConfig(dp=1, op=4, pp=1), ParallelConfig(dp=1, op=4, pp=1), ParallelConfig(dp=1, op=4, pp=1), ParallelConfig(dp=1, op=4, pp=1), ParallelConfig(dp=1, op=4, pp=1), ParallelConfig(dp=1, op=4, pp=1), ParallelConfig(dp=1, op=4, pp=1), ParallelConfig(dp=1, op=4, pp=1), ParallelConfig(dp=1, op=4, pp=1), ParallelConfig(dp=1, op=4, pp=1), ParallelConfig(dp=1, op=4, pp=1), ParallelConfig(dp=1, op=4, pp=1), ParallelConfig(dp=1, op=4, pp=1)], group_models=[[0, 3, 9, 15, 24, 27, 33], [0, 3, 15, 18, 21, 27, 39], [0, 6, 9, 12, 27, 30, 36], [1, 7, 8, 11, 13, 14, 16, 19, 20, 22, 23, 29, 38], [1, 7, 8, 11, 13, 14, 16, 19, 20, 22, 23, 29, 38], [2, 5, 7, 8, 11, 13, 14, 16, 19, 20, 22, 23, 29, 38], [2, 7, 8, 11, 13, 14, 16, 19, 20, 22, 23, 26, 29, 38], [4, 5, 7, 8, 11, 13, 16, 19, 20, 22, 23, 29, 38], [4, 7, 8, 11, 13, 14, 16, 19, 20, 22, 23, 29, 38], [4, 7, 8, 11, 13, 16, 19, 20, 22, 23, 29, 35, 38], [7, 8, 10, 11, 13, 14, 16, 19, 20, 22, 23, 29, 38], [7, 8, 10, 13, 16, 19, 20, 23, 26, 29, 31, 32, 38], [7, 8, 11, 13, 14, 16, 17, 19, 20, 22, 23, 29, 38, 41], [7, 8, 11, 13, 14, 16, 19, 20, 22, 23, 29, 34, 38], [7, 8, 11, 13, 14, 16, 19, 20, 22, 23, 29, 34, 38], [7, 8, 11, 13, 14, 16, 19, 20, 22, 23, 29, 35, 38, 41], [7, 8, 11, 13, 14, 16, 19, 20, 22, 23, 29, 37, 38], [7, 8, 11, 13, 14, 16, 19, 20, 23, 29, 31, 38, 40], [7, 8, 11, 13, 16, 17, 19, 20, 22, 23, 28, 29, 38], [7, 8, 11, 13, 16, 19, 20, 22, 23, 25, 26, 29, 38], [7, 8, 13, 14, 16, 19, 20, 23, 25, 29, 32, 38, 40]])	1.0	simulate
goodput_vs_num_models	30	24	13958643712	45.714285714285715	power_law	gamma	{'cv': 4}	5	200	mp-round-robin	ModelPlacement(group_configs=[ParallelConfig(dp=1, op=1, pp=4), ParallelConfig(dp=1, op=1, pp=4), ParallelConfig(dp=1, op=1, pp=4), ParallelConfig(dp=1, op=1, pp=4), ParallelConfig(dp=1, op=1, pp=4), ParallelConfig(dp=1, op=1, pp=4)], group_models=[[0, 6, 12, 19, 25], [1, 7, 13, 20, 26], [2, 8, 14, 21, 27], [3, 9, 15, 22, 28], [4, 10, 16, 23, 29], [5, 11, 17, 24, 0]])	0.848	simulate
goodput_vs_num_models	30	24	13958643712	45.714285714285715	power_law	gamma	{'cv': 4}	5	200	mp-greedy-4	ModelPlacement(group_configs=(ParallelConfig(dp=1, op=1, pp=4), ParallelConfig(dp=1, op=1, pp=4), ParallelConfig(dp=1, op=1, pp=4), ParallelConfig(dp=1, op=1, pp=4), ParallelConfig(dp=1, op=1, pp=4), ParallelConfig(dp=1, op=1, pp=4)), group_models=((0, 1, 5, 9, 15, 17), (0, 16, 24, 27, 28), (1, 2, 3, 5, 8, 10, 11, 16, 19, 23, 29), (2, 4, 6, 9, 13, 14, 20, 25), (2, 5, 7, 12, 14, 21, 25, 26, 29), (3, 4, 8, 11, 14, 17, 18, 20, 22)))	0.957	simulate
goodput_vs_num_models	36	24	13958643712	54.857142857142854	power_law	gamma	{'cv': 4}	5	200	mp-round-robin	ModelPlacement(group_configs=[ParallelConfig(dp=1, op=1, pp=4), ParallelConfig(dp=1, op=1, pp=4), ParallelConfig(dp=1, op=1, pp=4), ParallelConfig(dp=1, op=1, pp=4), ParallelConfig(dp=1, op=1, pp=4), ParallelConfig(dp=1, op=1, pp=4)], group_models=[[0, 6, 12, 19, 25], [1, 7, 13, 20, 26], [2, 8, 14, 21, 27], [3, 9, 15, 22, 28], [4, 10, 16, 23, 29], [5, 11, 17, 24, 30]])	0.751	simulate
goodput_vs_num_models	42	24	13958643712	64.0	power_law	gamma	{'cv': 4}	5	200	mp-round-robin	ModelPlacement(group_configs=[ParallelConfig(dp=1, op=1, pp=4), ParallelConfig(dp=1, op=1, pp=4), ParallelConfig(dp=1, op=1, pp=4), ParallelConfig(dp=1, op=1, pp=4), ParallelConfig(dp=1, op=1, pp=4), ParallelConfig(dp=1, op=1, pp=4)], group_models=[[0, 6, 12, 19, 25], [1, 7, 13, 20, 26], [2, 8, 14, 21, 27], [3, 9, 15, 22, 28], [4, 10, 16, 23, 29], [5, 11, 17, 24, 30]])	0.676	simulate
goodput_vs_slo	42	24	13958643712	64	power_law	gamma	{'cv': 4}	1	200	mp-round-robin	ModelPlacement(group_configs=[ParallelConfig(dp=1, op=1, pp=4), ParallelConfig(dp=1, op=1, pp=4), ParallelConfig(dp=1, op=1, pp=4), ParallelConfig(dp=1, op=1, pp=4), ParallelConfig(dp=1, op=1, pp=4), ParallelConfig(dp=1, op=1, pp=4)], group_models=[[0, 6, 12, 19, 25], [1, 7, 13, 20, 26], [2, 8, 14, 21, 27], [3, 9, 15, 22, 28], [4, 10, 16, 23, 29], [5, 11, 17, 24, 30]])	0.0	simulate
goodput_vs_num_models	36	24	13958643712	54.857142857142854	power_law	gamma	{'cv': 4}	5	200	mp-greedy-4	ModelPlacement(group_configs=(ParallelConfig(dp=1, op=1, pp=4), ParallelConfig(dp=1, op=1, pp=4), ParallelConfig(dp=1, op=1, pp=4), ParallelConfig(dp=1, op=1, pp=4), ParallelConfig(dp=1, op=1, pp=4), ParallelConfig(dp=1, op=1, pp=4)), group_models=((0, 1, 8, 13, 20, 21, 28, 29), (0, 1, 8, 14, 17, 22, 25, 33), (2, 4, 10, 11, 15, 16, 17, 24), (2, 5, 7, 18, 26, 27, 32, 34, 35), (3, 6, 9, 20, 29, 31), (5, 8, 10, 11, 12, 14, 19, 23, 30)))	0.893	simulate
goodput_vs_num_models	48	24	13958643712	73.14285714285714	power_law	gamma	{'cv': 4}	5	200	mp-round-robin	ModelPlacement(group_configs=[ParallelConfig(dp=1, op=1, pp=4), ParallelConfig(dp=1, op=1, pp=4), ParallelConfig(dp=1, op=1, pp=4), ParallelConfig(dp=1, op=1, pp=4), ParallelConfig(dp=1, op=1, pp=4), ParallelConfig(dp=1, op=1, pp=4)], group_models=[[0, 6, 12, 19, 25], [1, 7, 13, 20, 26], [2, 8, 14, 21, 27], [3, 9, 15, 22, 28], [4, 10, 16, 23, 29], [5, 11, 17, 24, 30]])	0.626	simulate
goodput_vs_num_models	42	24	13958643712	64.0	power_law	gamma	{'cv': 4}	5	200	mp-greedy-4	ModelPlacement(group_configs=(ParallelConfig(dp=1, op=1, pp=4), ParallelConfig(dp=1, op=1, pp=4), ParallelConfig(dp=1, op=1, pp=4), ParallelConfig(dp=1, op=1, pp=4), ParallelConfig(dp=1, op=1, pp=4), ParallelConfig(dp=1, op=1, pp=4)), group_models=((0, 1, 2, 8, 12, 16, 23, 29, 38), (0, 1, 5, 22, 25, 36, 40), (2, 4, 9, 10, 13, 19, 26, 31, 35, 41), (2, 8, 14, 18, 20, 23, 28, 29, 32, 33), (3, 6, 15, 20, 35, 38, 41), (5, 7, 11, 17, 21, 27, 34, 37)))	0.83	simulate
goodput_vs_slo	42	24	13958643712	64	power_law	gamma	{'cv': 4}	1	200	mp-greedy-4	ModelPlacement(group_configs=(ParallelConfig(dp=1, op=1, pp=4), ParallelConfig(dp=1, op=1, pp=4), ParallelConfig(dp=1, op=1, pp=4), ParallelConfig(dp=1, op=1, pp=4), ParallelConfig(dp=1, op=1, pp=4), ParallelConfig(dp=1, op=1, pp=4)), group_models=((0, 1, 2, 3, 4, 5, 8, 10), (0, 1, 2, 3, 4, 5, 8, 10), (0, 1, 2, 3, 4, 5, 8, 10), (0, 1, 2, 3, 4, 5, 8, 10), (0, 1, 2, 3, 4, 5, 8, 10), (0, 1, 2, 3, 4, 5, 8, 10)))	0.0	simulate
goodput_vs_num_models	48	24	13958643712	73.14285714285714	power_law	gamma	{'cv': 4}	5	200	mp-greedy-4	ModelPlacement(group_configs=(ParallelConfig(dp=1, op=1, pp=4), ParallelConfig(dp=1, op=1, pp=4), ParallelConfig(dp=1, op=1, pp=4), ParallelConfig(dp=1, op=1, pp=4), ParallelConfig(dp=1, op=1, pp=4), ParallelConfig(dp=1, op=1, pp=4)), group_models=((0, 1, 9, 13, 19, 32, 44, 47), (0, 1, 14, 17, 18, 22, 29, 40), (2, 4, 8, 10, 15, 28, 31, 37, 46), (2, 5, 8, 23, 25, 27, 34, 35, 36), (3, 6, 12, 14, 16, 17), (5, 7, 11, 20, 21, 26, 29, 38, 41, 42)))	0.786	simulate
goodput_vs_num_models	30	24	13958643712	45.714285714285715	power_law	gamma	{'cv': 4}	5	200	mp-search-sep	ModelPlacement(group_configs=(ParallelConfig(dp=1, op=1, pp=8), ParallelConfig(dp=1, op=1, pp=8), ParallelConfig(dp=1, op=1, pp=8)), group_models=((0, 2, 5, 6, 8, 10, 14, 16, 17, 19, 20, 21, 22, 23, 25, 26, 28, 29), (1, 2, 4, 5, 7, 8, 10, 11, 12, 14, 17, 18, 19, 20, 22, 23, 27, 29), (1, 3, 4, 8, 9, 11, 13, 14, 15, 16, 23, 24, 25, 28)))	0.979	simulate
goodput_vs_num_models	36	24	13958643712	54.857142857142854	power_law	gamma	{'cv': 4}	5	200	mp-search-sep	ModelPlacement(group_configs=[ParallelConfig(dp=1, op=1, pp=8), ParallelConfig(dp=1, op=1, pp=4), ParallelConfig(dp=1, op=1, pp=4), ParallelConfig(dp=1, op=1, pp=4), ParallelConfig(dp=1, op=1, pp=4)], group_models=[[0, 9, 12, 18, 21, 27, 30], [3, 6, 15], [1, 2, 5, 7, 8, 10, 11, 14, 16, 17, 19, 32, 35], [1, 2, 7, 10, 20, 23, 25, 28, 31, 32, 34], [2, 4, 5, 8, 11, 13, 14, 17, 20, 22, 23, 25, 26, 29]])	0.913	simulate
goodput_vs_slo	42	24	13958643712	64	power_law	gamma	{'cv': 4}	1	200	mp-search-sep	ModelPlacement(group_configs=[ParallelConfig(dp=1, op=4, pp=1), ParallelConfig(dp=1, op=4, pp=1), ParallelConfig(dp=1, op=4, pp=1), ParallelConfig(dp=1, op=4, pp=1), ParallelConfig(dp=1, op=4, pp=1), ParallelConfig(dp=1, op=4, pp=1)], group_models=[[0, 3, 6, 9], [1, 2, 4, 5, 7, 8, 10, 11, 13, 20, 29, 38, 40], [1, 2, 4, 5, 7, 8, 10, 14, 16, 17, 23, 31, 41], [1, 2, 4, 5, 10, 11, 13, 16, 19, 26, 29, 35, 41], [1, 2, 5, 7, 8, 11, 14, 22, 25, 28, 32, 34, 38], [1, 2, 5, 11, 17, 19, 20, 22, 23, 25, 32, 37, 40]])	0.479	simulate
goodput_vs_num_models	42	24	13958643712	64.0	power_law	gamma	{'cv': 4}	5	200	mp-search-sep	ModelPlacement(group_configs=[ParallelConfig(dp=1, op=1, pp=8), ParallelConfig(dp=1, op=1, pp=8), ParallelConfig(dp=1, op=1, pp=8)], group_models=[[0, 3, 6, 9, 12, 15, 18], [1, 2, 4, 5, 7, 8, 10, 11, 14, 16, 17, 19, 20, 22, 23, 25, 26, 28, 29, 31, 32, 35, 38, 40, 41], [1, 2, 4, 5, 8, 10, 11, 13, 14, 16, 17, 20, 22, 23, 25, 26, 29, 31, 32, 34, 35, 37, 38, 40, 41]])	0.864	simulate
goodput_vs_num_models	48	24	13958643712	73.14285714285714	power_law	gamma	{'cv': 4}	5	200	mp-search-sep	ModelPlacement(group_configs=[ParallelConfig(dp=1, op=1, pp=8), ParallelConfig(dp=1, op=1, pp=8), ParallelConfig(dp=1, op=1, pp=8)], group_models=[[0, 3, 6, 9, 12, 15, 18], [1, 2, 4, 5, 8, 11, 13, 14, 16, 17, 19, 20, 22, 23, 25, 29, 31, 32, 34, 35, 38, 40, 41, 43, 47], [2, 4, 5, 7, 8, 10, 11, 14, 16, 17, 20, 23, 26, 28, 29, 31, 32, 35, 37, 38, 40, 41, 44, 46, 47]])	0.846	simulate
goodput_vs_slo	42	24	13958643712	64	power_law	gamma	{'cv': 4}	12	200	mp-round-robin	ModelPlacement(group_configs=[ParallelConfig(dp=1, op=1, pp=4), ParallelConfig(dp=1, op=1, pp=4), ParallelConfig(dp=1, op=1, pp=4), ParallelConfig(dp=1, op=1, pp=4), ParallelConfig(dp=1, op=1, pp=4), ParallelConfig(dp=1, op=1, pp=4)], group_models=[[0, 6, 12, 19, 25], [1, 7, 13, 20, 26], [2, 8, 14, 21, 27], [3, 9, 15, 22, 28], [4, 10, 16, 23, 29], [5, 11, 17, 24, 30]])	0.77	simulate
goodput_vs_slo	42	24	13958643712	64	power_law	gamma	{'cv': 4}	2	200	mp-round-robin	ModelPlacement(group_configs=[ParallelConfig(dp=1, op=1, pp=4), ParallelConfig(dp=1, op=1, pp=4), ParallelConfig(dp=1, op=1, pp=4), ParallelConfig(dp=1, op=1, pp=4), ParallelConfig(dp=1, op=1, pp=4), ParallelConfig(dp=1, op=1, pp=4)], group_models=[[0, 6, 12, 19, 25], [1, 7, 13, 20, 26], [2, 8, 14, 21, 27], [3, 9, 15, 22, 28], [4, 10, 16, 23, 29], [5, 11, 17, 24, 30]])	0.431	simulate
goodput_vs_slo	42	24	13958643712	64	power_law	gamma	{'cv': 4}	8	200	mp-round-robin	ModelPlacement(group_configs=[ParallelConfig(dp=1, op=1, pp=4), ParallelConfig(dp=1, op=1, pp=4), ParallelConfig(dp=1, op=1, pp=4), ParallelConfig(dp=1, op=1, pp=4), ParallelConfig(dp=1, op=1, pp=4), ParallelConfig(dp=1, op=1, pp=4)], group_models=[[0, 6, 12, 19, 25], [1, 7, 13, 20, 26], [2, 8, 14, 21, 27], [3, 9, 15, 22, 28], [4, 10, 16, 23, 29], [5, 11, 17, 24, 30]])	0.742	simulate
goodput_vs_slo	42	24	13958643712	64	power_law	gamma	{'cv': 4}	16	200	mp-round-robin	ModelPlacement(group_configs=[ParallelConfig(dp=1, op=1, pp=4), ParallelConfig(dp=1, op=1, pp=4), ParallelConfig(dp=1, op=1, pp=4), ParallelConfig(dp=1, op=1, pp=4), ParallelConfig(dp=1, op=1, pp=4), ParallelConfig(dp=1, op=1, pp=4)], group_models=[[0, 6, 12, 19, 25], [1, 7, 13, 20, 26], [2, 8, 14, 21, 27], [3, 9, 15, 22, 28], [4, 10, 16, 23, 29], [5, 11, 17, 24, 30]])	0.784	simulate
goodput_vs_slo	42	24	13958643712	64	power_law	gamma	{'cv': 4}	4	200	mp-round-robin	ModelPlacement(group_configs=[ParallelConfig(dp=1, op=1, pp=4), ParallelConfig(dp=1, op=1, pp=4), ParallelConfig(dp=1, op=1, pp=4), ParallelConfig(dp=1, op=1, pp=4), ParallelConfig(dp=1, op=1, pp=4), ParallelConfig(dp=1, op=1, pp=4)], group_models=[[0, 6, 12, 19, 25], [1, 7, 13, 20, 26], [2, 8, 14, 21, 27], [3, 9, 15, 22, 28], [4, 10, 16, 23, 29], [5, 11, 17, 24, 30]])	0.631	simulate
goodput_vs_slo	42	24	13958643712	64	power_law	gamma	{'cv': 4}	16	200	mp-greedy-4	ModelPlacement(group_configs=(ParallelConfig(dp=1, op=1, pp=4), ParallelConfig(dp=1, op=1, pp=4), ParallelConfig(dp=1, op=1, pp=4), ParallelConfig(dp=1, op=1, pp=4), ParallelConfig(dp=1, op=1, pp=4), ParallelConfig(dp=1, op=1, pp=4)), group_models=((0, 14, 22, 25, 26, 36, 40, 41), (1, 12, 16, 20, 23, 25, 33, 38), (2, 5, 7, 11, 17, 21, 26, 27, 37), (2, 8, 14, 18, 22, 28, 29, 30, 32), (3, 6, 15, 20, 29, 35, 41), (4, 9, 10, 13, 19, 31, 34, 35, 41)))	0.953	simulate
goodput_vs_slo	42	24	13958643712	64	power_law	gamma	{'cv': 4}	12	200	mp-greedy-4	ModelPlacement(group_configs=(ParallelConfig(dp=1, op=1, pp=4), ParallelConfig(dp=1, op=1, pp=4), ParallelConfig(dp=1, op=1, pp=4), ParallelConfig(dp=1, op=1, pp=4), ParallelConfig(dp=1, op=1, pp=4), ParallelConfig(dp=1, op=1, pp=4)), group_models=((0, 14, 22, 25, 26, 29, 36, 40), (1, 2, 5, 12, 16, 23, 33, 38, 41), (2, 8, 14, 18, 25, 26, 28, 30, 32), (3, 6, 15, 20, 29, 35, 41), (4, 9, 10, 13, 19, 20, 31, 34, 35), (5, 7, 11, 17, 21, 22, 27, 37)))	0.933	simulate
goodput_vs_slo	42	24	13958643712	64	power_law	gamma	{'cv': 4}	4	200	mp-greedy-4	ModelPlacement(group_configs=(ParallelConfig(dp=1, op=1, pp=4), ParallelConfig(dp=1, op=1, pp=4), ParallelConfig(dp=1, op=1, pp=4), ParallelConfig(dp=1, op=1, pp=4), ParallelConfig(dp=1, op=1, pp=4), ParallelConfig(dp=1, op=1, pp=4)), group_models=((0, 1, 4, 23, 25, 28, 29, 31, 40), (0, 1, 5, 12, 16, 26, 37, 38), (2, 5, 7, 11, 20, 22, 27, 32, 36), (2, 8, 11, 14, 17, 18, 21, 34, 35, 38), (3, 6, 8, 15, 20, 23, 29), (4, 9, 10, 13, 19, 33, 41)))	0.797	simulate
goodput_vs_slo	42	24	13958643712	64	power_law	gamma	{'cv': 4}	2	200	mp-greedy-4	ModelPlacement(group_configs=(ParallelConfig(dp=1, op=1, pp=4), ParallelConfig(dp=1, op=1, pp=4), ParallelConfig(dp=1, op=1, pp=4), ParallelConfig(dp=1, op=1, pp=4), ParallelConfig(dp=1, op=1, pp=4), ParallelConfig(dp=1, op=1, pp=4)), group_models=((0, 1, 2, 7, 8, 11, 14, 20, 25, 31, 35), (0, 2, 6, 8, 15, 17, 20), (0, 4, 5, 10, 11, 13, 19, 25, 32, 41), (1, 2, 3, 4, 22, 23, 29, 36), (1, 5, 9, 12, 27, 38), (2, 5, 7, 8, 10, 14, 16, 18, 28, 40)))	0.584	simulate
goodput_vs_slo	42	24	13958643712	64	power_law	gamma	{'cv': 4}	8	200	mp-greedy-4	ModelPlacement(group_configs=(ParallelConfig(dp=1, op=1, pp=4), ParallelConfig(dp=1, op=1, pp=4), ParallelConfig(dp=1, op=1, pp=4), ParallelConfig(dp=1, op=1, pp=4), ParallelConfig(dp=1, op=1, pp=4), ParallelConfig(dp=1, op=1, pp=4)), group_models=((0, 5, 22, 25, 36, 37, 40), (1, 2, 8, 12, 16, 23, 26, 33, 38), (1, 2, 8, 14, 18, 28, 29, 30, 32), (3, 6, 15, 20, 29, 35, 41), (4, 9, 10, 13, 14, 19, 20, 31, 35, 41), (5, 7, 11, 17, 21, 25, 27, 34)))	0.891	simulate
goodput_vs_slo	42	24	13958643712	64	power_law	gamma	{'cv': 4}	2	200	mp-search-sep	ModelPlacement(group_configs=[ParallelConfig(dp=1, op=1, pp=8), ParallelConfig(dp=1, op=1, pp=8), ParallelConfig(dp=1, op=1, pp=8)], group_models=[[0, 3, 6, 9, 12, 15, 18], [1, 2, 4, 5, 7, 8, 10, 11, 13, 14, 16, 17, 19, 20, 22, 23, 25, 26, 29, 31, 32, 35, 38, 40, 41], [1, 2, 4, 5, 8, 10, 11, 13, 14, 16, 17, 20, 22, 23, 26, 28, 29, 31, 32, 34, 35, 37, 38, 40, 41]])	0.668	simulate
goodput_vs_slo	42	24	13958643712	64	power_law	gamma	{'cv': 4}	4	200	mp-search-sep	ModelPlacement(group_configs=[ParallelConfig(dp=1, op=1, pp=8), ParallelConfig(dp=1, op=1, pp=8), ParallelConfig(dp=1, op=1, pp=8)], group_models=[[0, 3, 6, 9, 12, 15, 18], [1, 2, 4, 5, 7, 8, 10, 11, 13, 14, 16, 17, 19, 20, 22, 23, 25, 26, 29, 31, 32, 35, 38, 40, 41], [2, 4, 5, 7, 8, 10, 11, 14, 16, 17, 19, 20, 23, 25, 26, 28, 29, 31, 32, 34, 35, 37, 38, 40, 41]])	0.844	simulate
goodput_vs_slo	42	24	13958643712	64	power_law	gamma	{'cv': 4}	16	200	mp-search-sep	ModelPlacement(group_configs=(ParallelConfig(dp=1, op=1, pp=8), ParallelConfig(dp=1, op=1, pp=8), ParallelConfig(dp=1, op=1, pp=8)), group_models=((0, 4, 8, 12, 13, 17, 18, 27, 32, 33, 37, 38, 41), (1, 2, 3, 6, 9, 11, 14, 16, 19, 22, 26, 28, 31, 34, 35, 38, 41), (2, 5, 7, 8, 10, 14, 15, 20, 21, 23, 25, 29, 30, 35, 36, 40)))	0.963	simulate
goodput_vs_slo	42	24	13958643712	64	power_law	gamma	{'cv': 4}	12	200	mp-search-sep	ModelPlacement(group_configs=(ParallelConfig(dp=1, op=1, pp=8), ParallelConfig(dp=1, op=1, pp=8), ParallelConfig(dp=1, op=1, pp=8)), group_models=((0, 4, 8, 12, 13, 17, 18, 27, 32, 33, 37, 38, 41), (1, 2, 3, 6, 9, 11, 14, 16, 19, 23, 26, 28, 29, 31, 34, 35, 38, 41), (2, 5, 7, 8, 10, 14, 15, 20, 21, 22, 25, 29, 30, 36, 40)))	0.947	simulate
goodput_vs_slo	42	24	13958643712	64	power_law	gamma	{'cv': 4}	8	200	mp-search-sep	ModelPlacement(group_configs=[ParallelConfig(dp=1, op=1, pp=8), ParallelConfig(dp=1, op=1, pp=4), ParallelConfig(dp=1, op=1, pp=4), ParallelConfig(dp=1, op=1, pp=4), ParallelConfig(dp=1, op=1, pp=4)], group_models=[[0, 12, 15, 18, 21, 27, 36], [3, 6, 9], [1, 2, 8, 11, 19, 20, 22, 25, 28, 29, 32, 37], [2, 4, 5, 8, 10, 11, 14, 16, 17, 20, 23, 32, 35, 38, 41], [5, 7, 8, 10, 13, 23, 26, 29, 31, 32, 34, 40]])	0.909	simulate
goodput_vs_rate	42	24	13958643712	1	power_law	gamma	{'cv': 4}	5	200	mp-round-robin	ModelPlacement(group_configs=[ParallelConfig(dp=1, op=1, pp=4), ParallelConfig(dp=1, op=1, pp=4), ParallelConfig(dp=1, op=1, pp=4), ParallelConfig(dp=1, op=1, pp=4), ParallelConfig(dp=1, op=1, pp=4), ParallelConfig(dp=1, op=1, pp=4)], group_models=[[0, 6, 12, 19, 25], [1, 7, 13, 20, 26], [2, 8, 14, 21, 27], [3, 9, 15, 22, 28], [4, 10, 16, 23, 29], [5, 11, 17, 24, 30]])	0.753	simulate
goodput_vs_rate	42	24	13958643712	8	power_law	gamma	{'cv': 4}	5	200	mp-round-robin	ModelPlacement(group_configs=[ParallelConfig(dp=1, op=1, pp=4), ParallelConfig(dp=1, op=1, pp=4), ParallelConfig(dp=1, op=1, pp=4), ParallelConfig(dp=1, op=1, pp=4), ParallelConfig(dp=1, op=1, pp=4), ParallelConfig(dp=1, op=1, pp=4)], group_models=[[0, 6, 12, 19, 25], [1, 7, 13, 20, 26], [2, 8, 14, 21, 27], [3, 9, 15, 22, 28], [4, 10, 16, 23, 29], [5, 11, 17, 24, 30]])	0.773	simulate
goodput_vs_rate	42	24	13958643712	16	power_law	gamma	{'cv': 4}	5	200	mp-round-robin	ModelPlacement(group_configs=[ParallelConfig(dp=1, op=1, pp=4), ParallelConfig(dp=1, op=1, pp=4), ParallelConfig(dp=1, op=1, pp=4), ParallelConfig(dp=1, op=1, pp=4), ParallelConfig(dp=1, op=1, pp=4), ParallelConfig(dp=1, op=1, pp=4)], group_models=[[0, 6, 12, 19, 25], [1, 7, 13, 20, 26], [2, 8, 14, 21, 27], [3, 9, 15, 22, 28], [4, 10, 16, 23, 29], [5, 11, 17, 24, 30]])	0.809	simulate
goodput_vs_rate	42	24	13958643712	1	power_law	gamma	{'cv': 4}	5	200	mp-greedy-4	ModelPlacement(group_configs=(ParallelConfig(dp=1, op=1, pp=4), ParallelConfig(dp=1, op=1, pp=4), ParallelConfig(dp=1, op=1, pp=4), ParallelConfig(dp=1, op=1, pp=4), ParallelConfig(dp=1, op=1, pp=4), ParallelConfig(dp=1, op=1, pp=4)), group_models=((0, 1, 9, 11, 15, 17), (2, 3, 11, 25, 26, 27, 34, 35, 38), (2, 5, 11, 14, 23, 29, 30, 31, 39, 41), (2, 6, 11, 22, 23, 32, 35, 36, 40), (2, 7, 10, 11, 12, 14, 16, 19, 23, 35, 38), (8, 18, 20, 21, 28, 33)))	0.979	simulate
goodput_vs_rate	42	24	13958643712	24	power_law	gamma	{'cv': 4}	5	200	mp-round-robin	ModelPlacement(group_configs=[ParallelConfig(dp=1, op=1, pp=4), ParallelConfig(dp=1, op=1, pp=4), ParallelConfig(dp=1, op=1, pp=4), ParallelConfig(dp=1, op=1, pp=4), ParallelConfig(dp=1, op=1, pp=4), ParallelConfig(dp=1, op=1, pp=4)], group_models=[[0, 6, 12, 19, 25], [1, 7, 13, 20, 26], [2, 8, 14, 21, 27], [3, 9, 15, 22, 28], [4, 10, 16, 23, 29], [5, 11, 17, 24, 30]])	0.773	simulate
goodput_vs_rate	42	24	13958643712	16	power_law	gamma	{'cv': 4}	5	200	mp-greedy-4	ModelPlacement(group_configs=(ParallelConfig(dp=1, op=1, pp=4), ParallelConfig(dp=1, op=1, pp=4), ParallelConfig(dp=1, op=1, pp=4), ParallelConfig(dp=1, op=1, pp=4), ParallelConfig(dp=1, op=1, pp=4), ParallelConfig(dp=1, op=1, pp=4)), group_models=((0, 15, 16, 23, 32, 39), (1, 4, 14, 19, 24, 26, 29, 30), (2, 10, 12, 13, 21, 23, 35, 37), (3, 8, 11, 25, 27, 28, 34, 41), (5, 6, 17, 22, 31, 36, 38, 40), (7, 9, 11, 18, 20, 33)))	0.975	simulate
goodput_vs_rate	42	24	13958643712	32	power_law	gamma	{'cv': 4}	5	200	mp-greedy-4	ModelPlacement(group_configs=(ParallelConfig(dp=1, op=1, pp=4), ParallelConfig(dp=1, op=1, pp=4), ParallelConfig(dp=1, op=1, pp=4), ParallelConfig(dp=1, op=1, pp=4), ParallelConfig(dp=1, op=1, pp=4), ParallelConfig(dp=1, op=1, pp=4)), group_models=((0, 1, 5, 8, 14, 22, 27, 34), (0, 3, 4, 7, 11, 20, 28, 35), (1, 9, 10, 19, 29, 32, 33, 38), (2, 5, 6, 16, 23, 24, 26, 40, 41), (2, 8, 11, 12, 14, 18, 23, 31, 40), (10, 13, 15, 17, 21, 25, 37)))	0.931	simulate
goodput_vs_rate	42	24	13958643712	8	power_law	gamma	{'cv': 4}	5	200	mp-greedy-4	ModelPlacement(group_configs=(ParallelConfig(dp=1, op=1, pp=4), ParallelConfig(dp=1, op=1, pp=4), ParallelConfig(dp=1, op=1, pp=4), ParallelConfig(dp=1, op=1, pp=4), ParallelConfig(dp=1, op=1, pp=4), ParallelConfig(dp=1, op=1, pp=4)), group_models=((0, 9, 17, 20, 28, 39), (1, 2, 8, 11, 17, 24, 29, 31, 34, 35, 40), (2, 3, 4, 7, 10, 19, 33), (5, 6, 12, 13, 32, 36), (14, 15, 16, 22, 25, 26, 27, 38), (18, 21, 23, 30, 37, 41)))	0.995	simulate
goodput_vs_rate	42	24	13958643712	32	power_law	gamma	{'cv': 4}	5	200	mp-round-robin	ModelPlacement(group_configs=[ParallelConfig(dp=1, op=1, pp=4), ParallelConfig(dp=1, op=1, pp=4), ParallelConfig(dp=1, op=1, pp=4), ParallelConfig(dp=1, op=1, pp=4), ParallelConfig(dp=1, op=1, pp=4), ParallelConfig(dp=1, op=1, pp=4)], group_models=[[0, 6, 12, 19, 25], [1, 7, 13, 20, 26], [2, 8, 14, 21, 27], [3, 9, 15, 22, 28], [4, 10, 16, 23, 29], [5, 11, 17, 24, 30]])	0.757	simulate
goodput_vs_rate	42	24	13958643712	24	power_law	gamma	{'cv': 4}	5	200	mp-greedy-4	ModelPlacement(group_configs=(ParallelConfig(dp=1, op=1, pp=4), ParallelConfig(dp=1, op=1, pp=4), ParallelConfig(dp=1, op=1, pp=4), ParallelConfig(dp=1, op=1, pp=4), ParallelConfig(dp=1, op=1, pp=4), ParallelConfig(dp=1, op=1, pp=4)), group_models=((0, 8, 16, 23, 25, 26, 30, 35, 41), (1, 2, 6, 23, 25, 27, 32, 34), (1, 7, 10, 15, 17, 29, 33, 38), (3, 11, 14, 18, 28, 39), (4, 5, 21, 22, 24, 31, 37), (9, 10, 12, 13, 19, 20, 40)))	0.945	simulate
goodput_vs_rate	42	24	13958643712	1	power_law	gamma	{'cv': 4}	5	200	mp-search-sep	ModelPlacement(group_configs=(ParallelConfig(dp=1, op=1, pp=2), ParallelConfig(dp=1, op=1, pp=2), ParallelConfig(dp=1, op=1, pp=2), ParallelConfig(dp=1, op=1, pp=2), ParallelConfig(dp=1, op=1, pp=2), ParallelConfig(dp=1, op=1, pp=2), ParallelConfig(dp=1, op=1, pp=2), ParallelConfig(dp=1, op=1, pp=2), ParallelConfig(dp=1, op=1, pp=2), ParallelConfig(dp=1, op=1, pp=2), ParallelConfig(dp=1, op=1, pp=2), ParallelConfig(dp=1, op=1, pp=2)), group_models=((0, 5, 17, 28, 35), (1, 2, 8, 29, 36), (1, 10, 21, 35), (2, 6, 19, 20, 23), (2, 7, 15, 31), (2, 11, 12, 14, 16), (2, 11, 16, 20, 27), (2, 14, 18, 31, 32), (3, 25, 34, 38), (5, 13, 22, 39), (8, 9, 11, 35, 40), (11, 25, 26, 33, 41)))	0.995	simulate
goodput_vs_rate	42	24	13958643712	8	power_law	gamma	{'cv': 4}	5	200	mp-search-sep	ModelPlacement(group_configs=(ParallelConfig(dp=1, op=1, pp=4), ParallelConfig(dp=1, op=1, pp=4), ParallelConfig(dp=1, op=1, pp=4), ParallelConfig(dp=1, op=1, pp=4), ParallelConfig(dp=1, op=1, pp=4), ParallelConfig(dp=1, op=1, pp=4)), group_models=((0, 9, 17, 20, 28, 39), (1, 2, 8, 11, 17, 24, 29, 31, 34, 35, 40), (2, 3, 4, 7, 10, 19, 33), (5, 6, 12, 13, 32, 36), (14, 15, 16, 22, 25, 26, 27, 38), (18, 21, 23, 30, 37, 41)))	0.995	simulate
goodput_vs_rate	42	24	13958643712	16	power_law	gamma	{'cv': 4}	5	200	mp-search-sep	ModelPlacement(group_configs=(ParallelConfig(dp=1, op=1, pp=8), ParallelConfig(dp=1, op=1, pp=8), ParallelConfig(dp=1, op=1, pp=8)), group_models=((0, 2, 5, 10, 11, 13, 16, 17, 23, 27, 28, 30, 36, 40, 41), (1, 3, 4, 14, 15, 18, 19, 25, 26, 29, 31, 33, 37, 38), (6, 7, 8, 9, 12, 17, 20, 21, 22, 32, 34, 35, 39)))	0.981	simulate
goodput_vs_rate	42	24	13958643712	24	power_law	gamma	{'cv': 4}	5	200	mp-search-sep	ModelPlacement(group_configs=(ParallelConfig(dp=1, op=1, pp=8), ParallelConfig(dp=1, op=1, pp=8), ParallelConfig(dp=1, op=1, pp=8)), group_models=((0, 2, 8, 10, 11, 12, 20, 21, 22, 23, 30, 33, 35, 38), (1, 2, 4, 9, 15, 16, 24, 25, 26, 28, 29, 31, 34, 37, 40), (3, 5, 6, 7, 13, 14, 17, 18, 19, 27, 32, 39, 41)))	0.959	simulate
goodput_vs_rate	42	24	13958643712	32	power_law	gamma	{'cv': 4}	5	200	mp-search-sep	ModelPlacement(group_configs=(ParallelConfig(dp=1, op=1, pp=8), ParallelConfig(dp=1, op=1, pp=8), ParallelConfig(dp=1, op=1, pp=8)), group_models=((0, 2, 7, 14, 18, 22, 23, 24, 25, 26, 31, 34, 39, 40), (1, 3, 4, 8, 9, 13, 15, 17, 19, 21, 27, 32), (2, 5, 6, 10, 11, 12, 16, 20, 28, 29, 30, 33, 35, 37, 38, 41)))	0.945	simulate
goodput_vs_rate	42	24	13958643712	48	power_law	gamma	{'cv': 4}	5	200	mp-round-robin	ModelPlacement(group_configs=[ParallelConfig(dp=1, op=1, pp=4), ParallelConfig(dp=1, op=1, pp=4), ParallelConfig(dp=1, op=1, pp=4), ParallelConfig(dp=1, op=1, pp=4), ParallelConfig(dp=1, op=1, pp=4), ParallelConfig(dp=1, op=1, pp=4)], group_models=[[0, 6, 12, 19, 25], [1, 7, 13, 20, 26], [2, 8, 14, 21, 27], [3, 9, 15, 22, 28], [4, 10, 16, 23, 29], [5, 11, 17, 24, 30]])	0.722	simulate
goodput_vs_rate	42	24	13958643712	64	power_law	gamma	{'cv': 4}	5	200	mp-round-robin	ModelPlacement(group_configs=[ParallelConfig(dp=1, op=1, pp=4), ParallelConfig(dp=1, op=1, pp=4), ParallelConfig(dp=1, op=1, pp=4), ParallelConfig(dp=1, op=1, pp=4), ParallelConfig(dp=1, op=1, pp=4), ParallelConfig(dp=1, op=1, pp=4)], group_models=[[0, 6, 12, 19, 25], [1, 7, 13, 20, 26], [2, 8, 14, 21, 27], [3, 9, 15, 22, 28], [4, 10, 16, 23, 29], [5, 11, 17, 24, 30]])	0.676	simulate
goodput_vs_cv	42	24	13958643712	64	power_law	gamma	{'cv': 0.5}	5	200	mp-round-robin	ModelPlacement(group_configs=[ParallelConfig(dp=1, op=1, pp=4), ParallelConfig(dp=1, op=1, pp=4), ParallelConfig(dp=1, op=1, pp=4), ParallelConfig(dp=1, op=1, pp=4), ParallelConfig(dp=1, op=1, pp=4), ParallelConfig(dp=1, op=1, pp=4)], group_models=[[0, 6, 12, 19, 25], [1, 7, 13, 20, 26], [2, 8, 14, 21, 27], [3, 9, 15, 22, 28], [4, 10, 16, 23, 29], [5, 11, 17, 24, 30]])	0.795	simulate
goodput_vs_rate	42	24	13958643712	48	power_law	gamma	{'cv': 4}	5	200	mp-greedy-4	ModelPlacement(group_configs=(ParallelConfig(dp=1, op=1, pp=4), ParallelConfig(dp=1, op=1, pp=4), ParallelConfig(dp=1, op=1, pp=4), ParallelConfig(dp=1, op=1, pp=4), ParallelConfig(dp=1, op=1, pp=4), ParallelConfig(dp=1, op=1, pp=4)), group_models=((0, 1, 2, 5, 16, 19, 23, 25, 32, 37), (0, 13, 14, 17, 18, 33), (1, 4, 10, 11, 15, 29, 36, 41), (2, 3, 8, 11, 22, 24, 28, 31), (5, 7, 9, 20, 26, 27, 34, 35, 38), (6, 10, 12, 21, 40)))	0.881	simulate
goodput_vs_rate	42	24	13958643712	64	power_law	gamma	{'cv': 4}	5	200	mp-greedy-4	ModelPlacement(group_configs=(ParallelConfig(dp=1, op=1, pp=4), ParallelConfig(dp=1, op=1, pp=4), ParallelConfig(dp=1, op=1, pp=4), ParallelConfig(dp=1, op=1, pp=4), ParallelConfig(dp=1, op=1, pp=4), ParallelConfig(dp=1, op=1, pp=4)), group_models=((0, 1, 2, 8, 12, 16, 23, 29, 38), (0, 1, 5, 22, 25, 36, 40), (2, 4, 9, 10, 13, 19, 26, 31, 35, 41), (2, 8, 14, 18, 20, 23, 28, 29, 32, 33), (3, 6, 15, 20, 35, 38, 41), (5, 7, 11, 17, 21, 27, 34, 37)))	0.83	simulate
goodput_vs_cv	42	24	13958643712	64	power_law	gamma	{'cv': 0.5}	5	200	mp-greedy-4	ModelPlacement(group_configs=(ParallelConfig(dp=1, op=1, pp=4), ParallelConfig(dp=1, op=1, pp=4), ParallelConfig(dp=1, op=1, pp=4), ParallelConfig(dp=1, op=1, pp=4), ParallelConfig(dp=1, op=1, pp=4), ParallelConfig(dp=1, op=1, pp=4)), group_models=((0, 16, 21, 28, 36), (1, 10, 15, 20, 22, 32, 35, 39), (2, 9, 13, 23, 25, 30, 37, 38), (3, 8, 14, 19, 27, 29, 34, 40), (4, 7, 12, 18, 24), (5, 6, 11, 16, 17, 26, 31, 33, 41)))	1.0	simulate
goodput_vs_cv	42	24	13958643712	64	power_law	gamma	{'cv': 1}	5	200	mp-greedy-4	ModelPlacement(group_configs=(ParallelConfig(dp=1, op=1, pp=4), ParallelConfig(dp=1, op=1, pp=4), ParallelConfig(dp=1, op=1, pp=4), ParallelConfig(dp=1, op=1, pp=4), ParallelConfig(dp=1, op=1, pp=4), ParallelConfig(dp=1, op=1, pp=4)), group_models=((0, 8, 16, 24, 25, 37, 38, 41), (1, 10, 15, 22, 27, 28, 38), (2, 9, 14, 17, 23, 25, 29, 32, 36, 41), (3, 8, 12, 17, 31, 33), (4, 7, 13, 20, 21, 30, 34), (5, 6, 8, 11, 18, 19, 26, 35, 40)))	0.981	simulate
goodput_vs_cv	42	24	13958643712	64	power_law	gamma	{'cv': 1}	5	200	mp-round-robin	ModelPlacement(group_configs=[ParallelConfig(dp=1, op=1, pp=4), ParallelConfig(dp=1, op=1, pp=4), ParallelConfig(dp=1, op=1, pp=4), ParallelConfig(dp=1, op=1, pp=4), ParallelConfig(dp=1, op=1, pp=4), ParallelConfig(dp=1, op=1, pp=4)], group_models=[[0, 6, 12, 19, 25], [1, 7, 13, 20, 26], [2, 8, 14, 21, 27], [3, 9, 15, 22, 28], [4, 10, 16, 23, 29], [5, 11, 17, 24, 30]])	0.796	simulate
goodput_vs_rate	42	24	13958643712	80	power_law	gamma	{'cv': 4}	5	200	mp-round-robin	ModelPlacement(group_configs=[ParallelConfig(dp=1, op=1, pp=4), ParallelConfig(dp=1, op=1, pp=4), ParallelConfig(dp=1, op=1, pp=4), ParallelConfig(dp=1, op=1, pp=4), ParallelConfig(dp=1, op=1, pp=4), ParallelConfig(dp=1, op=1, pp=4)], group_models=[[0, 6, 12, 19, 25], [1, 7, 13, 20, 26], [2, 8, 14, 21, 27], [3, 9, 15, 22, 28], [4, 10, 16, 23, 29], [5, 11, 17, 24, 30]])	0.635	simulate
goodput_vs_rate	42	24	13958643712	80	power_law	gamma	{'cv': 4}	5	200	mp-greedy-4	ModelPlacement(group_configs=(ParallelConfig(dp=1, op=1, pp=4), ParallelConfig(dp=1, op=1, pp=4), ParallelConfig(dp=1, op=1, pp=4), ParallelConfig(dp=1, op=1, pp=4), ParallelConfig(dp=1, op=1, pp=4), ParallelConfig(dp=1, op=1, pp=4)), group_models=((0, 1, 2, 4, 8, 18, 23, 29, 41), (0, 1, 15, 25, 26, 28, 31), (1, 5, 9, 13, 14, 17, 19, 22, 32, 37), (2, 3, 8, 10, 14, 17, 20, 35, 36, 41), (2, 5, 7, 11, 16, 20, 23, 24, 34, 38, 40), (4, 5, 6, 12, 27, 29)))	0.799	simulate
goodput_vs_rate	42	24	13958643712	48	power_law	gamma	{'cv': 4}	5	200	mp-search-sep	ModelPlacement(group_configs=[ParallelConfig(dp=1, op=1, pp=8), ParallelConfig(dp=1, op=1, pp=4), ParallelConfig(dp=1, op=1, pp=8), ParallelConfig(dp=1, op=1, pp=4)], group_models=[[0, 12, 15, 18, 21, 27, 33], [3, 6, 9], [1, 2, 4, 5, 7, 8, 10, 11, 14, 16, 17, 19, 20, 23, 25, 26, 29, 31, 32, 34, 35, 37, 38, 40, 41], [2, 4, 5, 11, 13, 14, 17, 22, 25, 28, 29, 38, 41]])	0.914	simulate
goodput_vs_rate	42	24	13958643712	64	power_law	gamma	{'cv': 4}	5	200	mp-search-sep	ModelPlacement(group_configs=[ParallelConfig(dp=1, op=1, pp=8), ParallelConfig(dp=1, op=1, pp=8), ParallelConfig(dp=1, op=1, pp=8)], group_models=[[0, 3, 6, 9, 12, 15, 18], [1, 2, 4, 5, 7, 8, 10, 11, 14, 16, 17, 19, 20, 22, 23, 25, 26, 28, 29, 31, 32, 35, 38, 40, 41], [1, 2, 4, 5, 8, 10, 11, 13, 14, 16, 17, 20, 22, 23, 25, 26, 29, 31, 32, 34, 35, 37, 38, 40, 41]])	0.864	simulate
goodput_vs_cv	42	24	13958643712	64	power_law	gamma	{'cv': 1}	5	200	mp-search-sep	ModelPlacement(group_configs=(ParallelConfig(dp=1, op=1, pp=4), ParallelConfig(dp=1, op=1, pp=4), ParallelConfig(dp=1, op=1, pp=4), ParallelConfig(dp=1, op=1, pp=4), ParallelConfig(dp=1, op=1, pp=4), ParallelConfig(dp=1, op=1, pp=4)), group_models=((0, 8, 16, 24, 25, 37, 38, 41), (1, 10, 15, 22, 27, 28, 38), (2, 9, 14, 17, 23, 25, 29, 32, 36, 41), (3, 8, 12, 17, 31, 33), (4, 7, 13, 20, 21, 30, 34), (5, 6, 8, 11, 18, 19, 26, 35, 40)))	0.981	simulate
goodput_vs_cv	42	24	13958643712	64	power_law	gamma	{'cv': 0.5}	5	200	mp-search-sep	ModelPlacement(group_configs=(ParallelConfig(dp=1, op=1, pp=4), ParallelConfig(dp=1, op=1, pp=4), ParallelConfig(dp=1, op=1, pp=4), ParallelConfig(dp=1, op=1, pp=4), ParallelConfig(dp=1, op=1, pp=4), ParallelConfig(dp=1, op=1, pp=4)), group_models=((0, 16, 21, 28, 36), (1, 10, 15, 20, 22, 32, 35, 39), (2, 9, 13, 23, 25, 30, 37, 38), (3, 8, 14, 19, 27, 29, 34, 40), (4, 7, 12, 18, 24), (5, 6, 11, 16, 17, 26, 31, 33, 41)))	1.0	simulate
goodput_vs_rate	42	24	13958643712	80	power_law	gamma	{'cv': 4}	5	200	mp-search-sep	ModelPlacement(group_configs=[ParallelConfig(dp=1, op=1, pp=8), ParallelConfig(dp=1, op=1, pp=8), ParallelConfig(dp=1, op=1, pp=8)], group_models=[[0, 3, 6, 9, 12, 15, 18], [1, 2, 4, 5, 7, 8, 10, 11, 13, 14, 16, 17, 19, 20, 23, 25, 26, 28, 29, 31, 32, 35, 38, 40, 41], [1, 2, 4, 5, 7, 8, 10, 11, 14, 16, 17, 19, 20, 22, 23, 26, 29, 31, 32, 34, 35, 37, 38, 40, 41]])	0.829	simulate
goodput_vs_cv	42	24	13958643712	64	power_law	gamma	{'cv': 2}	5	200	mp-round-robin	ModelPlacement(group_configs=[ParallelConfig(dp=1, op=1, pp=4), ParallelConfig(dp=1, op=1, pp=4), ParallelConfig(dp=1, op=1, pp=4), ParallelConfig(dp=1, op=1, pp=4), ParallelConfig(dp=1, op=1, pp=4), ParallelConfig(dp=1, op=1, pp=4)], group_models=[[0, 6, 12, 19, 25], [1, 7, 13, 20, 26], [2, 8, 14, 21, 27], [3, 9, 15, 22, 28], [4, 10, 16, 23, 29], [5, 11, 17, 24, 30]])	0.769	simulate
goodput_vs_cv	42	24	13958643712	64	power_law	gamma	{'cv': 6}	5	200	mp-round-robin	ModelPlacement(group_configs=[ParallelConfig(dp=1, op=1, pp=4), ParallelConfig(dp=1, op=1, pp=4), ParallelConfig(dp=1, op=1, pp=4), ParallelConfig(dp=1, op=1, pp=4), ParallelConfig(dp=1, op=1, pp=4), ParallelConfig(dp=1, op=1, pp=4)], group_models=[[0, 6, 12, 19, 25], [1, 7, 13, 20, 26], [2, 8, 14, 21, 27], [3, 9, 15, 22, 28], [4, 10, 16, 23, 29], [5, 11, 17, 24, 30]])	0.534	simulate
goodput_vs_cv	42	24	13958643712	64	power_law	gamma	{'cv': 4}	5	200	mp-round-robin	ModelPlacement(group_configs=[ParallelConfig(dp=1, op=1, pp=4), ParallelConfig(dp=1, op=1, pp=4), ParallelConfig(dp=1, op=1, pp=4), ParallelConfig(dp=1, op=1, pp=4), ParallelConfig(dp=1, op=1, pp=4), ParallelConfig(dp=1, op=1, pp=4)], group_models=[[0, 6, 12, 19, 25], [1, 7, 13, 20, 26], [2, 8, 14, 21, 27], [3, 9, 15, 22, 28], [4, 10, 16, 23, 29], [5, 11, 17, 24, 30]])	0.676	simulate
goodput_vs_cv	42	24	13958643712	64	power_law	gamma	{'cv': 2}	5	200	mp-greedy-4	ModelPlacement(group_configs=(ParallelConfig(dp=1, op=1, pp=4), ParallelConfig(dp=1, op=1, pp=4), ParallelConfig(dp=1, op=1, pp=4), ParallelConfig(dp=1, op=1, pp=4), ParallelConfig(dp=1, op=1, pp=4), ParallelConfig(dp=1, op=1, pp=4)), group_models=((0, 12, 21, 25, 40), (1, 7, 13, 26, 30, 33, 38, 41), (2, 3, 8, 11, 22, 23, 28, 29, 36), (2, 4, 10, 14, 18, 19, 32, 37, 38, 40), (2, 5, 6, 14, 15, 20, 23, 25, 34), (5, 8, 9, 11, 16, 17, 24, 31, 35)))	0.938	simulate
goodput_vs_cv	42	24	13958643712	64	power_law	gamma	{'cv': 6}	5	200	mp-greedy-4	ModelPlacement(group_configs=(ParallelConfig(dp=1, op=1, pp=4), ParallelConfig(dp=1, op=1, pp=4), ParallelConfig(dp=1, op=1, pp=4), ParallelConfig(dp=1, op=1, pp=4), ParallelConfig(dp=1, op=1, pp=4), ParallelConfig(dp=1, op=1, pp=4)), group_models=((0, 5, 6, 12, 25, 38), (0, 5, 10, 11, 14, 19, 20, 29, 39), (1, 2, 4, 5, 10, 11, 20, 21, 26, 37, 41), (1, 5, 16, 17, 18, 33, 35, 40), (2, 3, 7, 15, 22, 23, 29, 35, 41), (2, 7, 8, 9, 13, 16, 28, 29, 31, 32)))	0.717	simulate
goodput_vs_cv	42	24	13958643712	64	power_law	gamma	{'cv': 4}	5	200	mp-greedy-4	ModelPlacement(group_configs=(ParallelConfig(dp=1, op=1, pp=4), ParallelConfig(dp=1, op=1, pp=4), ParallelConfig(dp=1, op=1, pp=4), ParallelConfig(dp=1, op=1, pp=4), ParallelConfig(dp=1, op=1, pp=4), ParallelConfig(dp=1, op=1, pp=4)), group_models=((0, 1, 2, 8, 12, 16, 23, 29, 38), (0, 1, 5, 22, 25, 36, 40), (2, 4, 9, 10, 13, 19, 26, 31, 35, 41), (2, 8, 14, 18, 20, 23, 28, 29, 32, 33), (3, 6, 15, 20, 35, 38, 41), (5, 7, 11, 17, 21, 27, 34, 37)))	0.83	simulate
goodput_vs_cv	42	24	13958643712	64	power_law	gamma	{'cv': 4}	5	200	mp-search-sep	ModelPlacement(group_configs=[ParallelConfig(dp=1, op=1, pp=8), ParallelConfig(dp=1, op=1, pp=8), ParallelConfig(dp=1, op=1, pp=8)], group_models=[[0, 3, 6, 9, 12, 15, 18], [1, 2, 4, 5, 7, 8, 10, 11, 14, 16, 17, 19, 20, 22, 23, 25, 26, 28, 29, 31, 32, 35, 38, 40, 41], [1, 2, 4, 5, 8, 10, 11, 13, 14, 16, 17, 20, 22, 23, 25, 26, 29, 31, 32, 34, 35, 37, 38, 40, 41]])	0.864	simulate
goodput_vs_cv	42	24	13958643712	64	power_law	gamma	{'cv': 6}	5	200	mp-search-sep	ModelPlacement(group_configs=[ParallelConfig(dp=1, op=1, pp=8), ParallelConfig(dp=1, op=1, pp=8), ParallelConfig(dp=1, op=1, pp=8)], group_models=[[0, 3, 6, 9, 12, 15, 18], [1, 2, 4, 5, 7, 8, 10, 11, 13, 14, 16, 17, 19, 20, 22, 23, 25, 26, 29, 31, 32, 34, 35, 38, 41], [1, 2, 5, 7, 8, 10, 11, 14, 16, 17, 19, 20, 22, 23, 25, 26, 28, 29, 31, 32, 35, 37, 38, 40, 41]])	0.775	simulate
goodput_vs_cv	42	24	13958643712	64	power_law	gamma	{'cv': 2}	5	200	mp-search-sep	ModelPlacement(group_configs=[ParallelConfig(dp=1, op=1, pp=8), ParallelConfig(dp=1, op=1, pp=4), ParallelConfig(dp=1, op=1, pp=4), ParallelConfig(dp=1, op=1, pp=4), ParallelConfig(dp=1, op=1, pp=4)], group_models=[[0, 12, 15, 18, 21, 24, 36], [3, 6, 9], [1, 2, 5, 8, 16, 17, 22, 25, 28, 29, 31, 38], [2, 4, 8, 10, 11, 13, 14, 20, 23, 26, 32, 35, 37, 41], [4, 5, 7, 14, 17, 19, 26, 29, 34, 35, 38, 40, 41]])	0.947	simulate
